dist_id,district,flood11,flood12,flood13,flood14,flood15,flood16,Popl,wat_cov,san_cov,hw_cov,score,cas11,cas12,cas13,cas14,cas15,cas16,lat,lon,region,total_flood_years,total_cases,cases_per_100k,flood_years_pct,neighbor_mean_rate,lisa_class,local_morans_i
1,Abim,1,1,0,0,0,0,107966,99,61.0,38.0,58,0,0,0,0,0,0,2.7,33.65,Northern,2,0,0.0,33.33333333333333,0.0,Low-Low (Coldspot Cluster),0.1656899193516722
2,Adjumani,0,0,0,0,0,0,225251,100,78.8,60.2,60,0,0,0,2,0,101,3.3,31.8,Northern,0,103,45.726767028781225,0.0,23.916460439184878,High-High (Hotspot Cluster),-0.012278621851304034
3,Agago,0,1,1,0,0,0,227792,82,66.5,20.6,65,0,0,0,0,0,0,2.85,33.33,Northern,2,0,0.0,33.33333333333333,0.0,Low-Low (Coldspot Cluster),0.1656899193516722
4,Alebtong,0,0,1,1,0,0,227541,89,80.5,25.0,50,0,0,0,0,0,0,2.25,33.32,Northern,2,0,0.0,33.33333333333333,0.0,Low-Low (Coldspot Cluster),0.1656899193516722
5,Amolatar,1,0,0,0,1,0,147166,100,85.0,36.0,55,0,0,0,0,0,0,1.63,32.83,Northern,2,0,0.0,33.33333333333333,0.0,Low-Low (Coldspot Cluster),0.1656899193516722
6,Amudat,0,0,1,0,1,0,105767,63,17.1,11.9,43,0,0,0,0,0,0,1.8,34.9,Eastern,2,0,0.0,33.33333333333333,7.644267491245341,Low-Low (Coldspot Cluster),0.1251970949586757
7,Amuria,1,1,1,0,0,0,270928,97,84.5,55.0,60,0,0,0,0,0,0,2.02,33.65,Eastern,3,0,0.0,50.0,0.0,Low-Low (Coldspot Cluster),0.1656899193516722
8,Amuru,0,1,1,0,0,0,186696,48,72.8,46.0,43,0,0,0,0,0,64,2.85,31.95,Northern,2,64,34.280327377126454,33.33333333333333,23.40059513802056,High-High (Hotspot Cluster),0.0005968699210766172
9,Apac,0,0,0,0,0,0,368626,98,80.3,30.1,70,0,0,0,0,0,0,1.98,32.53,Northern,0,0,0.0,0.0,0.0,Low-Low (Coldspot Cluster),0.1656899193516722
10,Arua,1,0,0,0,0,0,782077,98,73.0,35.0,55,0,41,140,37,31,6,3.03,30.91,Northern,1,255,32.605485137652686,16.666666666666664,135.3548180876668,High-High (Hotspot Cluster),-0.03443473217362395
11,Budaka,1,0,1,0,0,0,207597,77,66.0,33.0,35,0,0,0,0,0,41,1.05,34.1,Eastern,2,41,19.74980370621926,33.33333333333333,82.80570913636394,High-High (Hotspot Cluster),-0.11794283839547298
12,Bududa,0,1,1,1,0,0,210173,89,72.0,21.0,35,0,216,0,0,0,0,1.0,34.33,Eastern,3,216,102.77247791105422,50.0,75.73147211439391,High-High (Hotspot Cluster),0.4603750512474914
13,Bugiri,0,0,0,0,0,1,382913,87,80.5,23.3,53,0,0,0,0,0,0,0.58,33.75,Eastern,1,0,0.0,16.666666666666664,64.74934131837503,Low-High (Outlier),-0.17729699346500877
14,Buhweju,1,0,0,0,0,0,120720,42,87.0,18.0,50,0,0,0,0,0,0,-0.35,30.35,Western,1,0,0.0,16.666666666666664,0.0,Low-Low (Coldspot Cluster),0.1656899193516722
15,Buikwe,0,0,0,1,0,0,422771,86,75.0,40.2,33,0,0,0,0,0,0,0.35,33.0,Central,1,0,0.0,16.666666666666664,14.726487225834799,Low-High (Outlier),0.08768152131427073
16,Bukedea,0,1,0,0,0,0,203600,96,84.0,55.0,90,0,0,0,0,0,0,1.35,34.1,Eastern,1,0,0.0,16.666666666666664,40.80876607900867,Low-High (Outlier),-0.05048019772294183
17,Bukomansimbi,0,0,0,0,0,0,151413,71,68.8,35.0,50,0,0,0,0,0,0,-0.35,31.65,Central,0,0,0.0,0.0,0.0,Low-Low (Coldspot Cluster),0.1656899193516722
18,Bukwa,0,0,0,0,0,0,89356,21,61.4,13.5,28,0,0,0,0,0,0,1.35,34.75,Eastern,0,0,0.0,0.0,53.0526939014807,Low-High (Outlier),-0.11533810853829375
19,Bulambuli,1,0,1,1,0,0,174508,93,70.6,29.4,48,0,0,0,0,0,284,1.1,34.45,Eastern,3,284,162.7432553235382,50.0,65.11125831112747,High-High (Hotspot Cluster),0.6594231614556733
20,Buliisa,1,0,1,0,0,0,113161,93,68.0,40.0,68,0,1021,108,0,0,0,2.1,31.4,Western,2,1129,997.6935516653265,33.33333333333333,182.08703780394887,High-High (Hotspot Cluster),22.118401498112746
21,Bundibugyo,1,0,0,0,0,0,224387,88,72.0,26.0,30,0,458,0,0,0,0,0.7,30.06,Western,1,458,204.11164639662724,16.666666666666664,79.08350256092157,High-High (Hotspot Cluster),1.2329720995515796
22,Bushenyi,0,0,0,1,1,0,234440,79,92.6,38.8,65,0,0,0,0,0,0,-0.58,30.18,Western,2,0,0.0,33.33333333333333,10.168608235301594,Low-High (Outlier),0.1118252857468419
23,Busia,0,0,0,0,1,0,323662,94,88.2,46.6,52,0,0,0,0,246,4,0.46,34.09,Eastern,1,250,77.24107247684313,16.666666666666664,60.01889701615805,High-High (Hotspot Cluster),0.18588294021919238
24,Butaleja,1,0,0,1,0,1,244153,96,75.0,32.0,48,0,17,0,0,0,264,0.85,33.93,Eastern,3,281,115.09176622855341,50.0,13.156279917167357,High-High (Hotspot Cluster),-0.22169598243806135
25,Butambala,0,1,0,1,0,0,100840,77,68.0,47.0,43,0,0,0,0,0,0,0.2,32.1,Central,2,0,0.0,33.33333333333333,5.791631467121419,Low-Low (Coldspot Cluster),0.13501078414143974
26,Buvuma,0,0,1,0,0,0,89890,51,38.0,12.0,30,0,0,0,0,0,17,-0.35,33.3,Central,1,17,18.91200355990655,16.666666666666664,40.54316092527084,High-High (Hotspot Cluster),-0.022387382921230266
27,Buyende,0,0,1,0,0,0,323067,91,81.3,25.3,43,0,0,0,0,0,0,1.15,33.15,Eastern,1,0,0.0,16.666666666666664,4.510109709777157,Low-Low (Coldspot Cluster),0.14179919591998827
28,Dokolo,0,0,0,0,0,0,183093,86,89.0,46.0,65,0,0,0,0,0,0,1.92,33.13,Northern,0,0,0.0,0.0,0.0,Low-Low (Coldspot Cluster),0.1656899193516722
29,Gomba,0,0,0,0,0,0,159922,81,55.0,27.0,30,0,0,0,0,0,0,0.1,31.85,Central,0,0,0.0,0.0,0.0,Low-Low (Coldspot Cluster),0.1656899193516722
30,Gulu,0,0,1,1,0,0,436345,95,74.0,21.0,75,0,0,0,0,0,0,2.77,32.3,Northern,2,0,0.0,33.33333333333333,16.301030883638354,Low-High (Outlier),0.07934092884971283
31,Hoima,1,0,0,0,0,1,572986,83,91.0,40.0,65,0,1117,126,3,282,203,1.43,31.35,Western,2,1731,302.10162202915956,33.33333333333333,209.85291581674375,High-High (Hotspot Cluster),7.2710439891414556
32,Ibanda,0,0,0,1,0,0,249625,90,89.0,36.4,70,0,0,0,0,0,0,-0.13,30.58,Western,1,0,0.0,16.666666666666664,0.0,Low-Low (Coldspot Cluster),0.1656899193516722
33,Iganga,0,0,0,0,0,0,504197,97,76.8,23.8,43,0,0,0,0,0,0,0.6,33.48,Eastern,0,0,0.0,0.0,7.104499272894579,Low-Low (Coldspot Cluster),0.1280563276717682
34,Isingiro,0,0,1,1,0,0,486360,41,91.4,35.6,50,0,0,0,0,0,0,-0.85,30.8,Western,2,0,0.0,33.33333333333333,0.0,Low-Low (Coldspot Cluster),0.1656899193516722
35,Jinja,0,0,0,0,0,0,471242,96,75.3,16.5,30,0,0,0,0,0,0,0.43,33.2,Eastern,0,0,0.0,0.0,10.426781835278225,Low-High (Outlier),0.11045770170314718
36,Kaabong,0,1,1,0,0,0,167879,96,21.3,31.4,28,0,0,0,0,0,0,3.52,34.15,Northern,2,0,0.0,33.33333333333333,2.3203650707711345,Low-Low (Coldspot Cluster),0.15339859968684041
37,Kabale,0,0,0,1,1,1,528231,90,96.0,23.0,50,0,0,0,0,0,0,-1.25,29.99,Western,3,0,0.0,50.0,10.168608235301594,Low-High (Outlier),0.1118252857468419
38,Kabarole,1,0,1,0,0,0,469236,90,83.7,52.8,55,0,0,0,0,0,0,0.65,30.27,Western,2,0,0.0,33.33333333333333,119.90583184024703,Low-High (Outlier),-0.469469145655393
39,Kaberamaido,1,1,0,0,0,0,215026,97,83.0,30.0,65,0,0,0,0,0,0,1.75,33.2,Eastern,2,0,0.0,33.33333333333333,0.0,Low-Low (Coldspot Cluster),0.1656899193516722
40,Kalangala,0,0,0,0,0,0,54293,85,69.0,3.0,45,0,0,0,0,0,0,-0.35,32.25,Central,0,0,0.0,0.0,0.0,Low-Low (Coldspot Cluster),0.1656899193516722
41,Kaliro,0,0,0,0,0,0,236199,98,74.2,31.6,50,0,0,0,0,0,0,0.9,33.5,Eastern,0,0,0.0,0.0,9.516484856090994,Low-Low (Coldspot Cluster),0.11527968049521829
42,Kalungu,0,0,0,0,0,1,183232,69,92.5,51.2,68,0,0,0,0,0,0,-0.25,31.75,Central,1,0,0.0,16.666666666666664,0.0,Low-Low (Coldspot Cluster),0.1656899193516722
43,Kampala,1,1,1,0,0,1,1507080,94,89.5,38.0,58,0,0,0,4,293,27,0.3476,32.5825,Central,4,324,21.498526952782868,66.66666666666666,6.002035786342002,High-Low (Outlier),0.05112565553920489
44,Kamuli,0,0,1,0,0,0,486319,96,70.2,38.0,50,0,0,0,0,0,0,0.95,33.12,Eastern,1,0,0.0,16.666666666666664,4.510109709777157,Low-Low (Coldspot Cluster),0.14179919591998827
45,Kamwenge,0,0,0,0,1,1,414454,67,80.2,26.0,48,0,0,0,0,0,0,0.18,30.55,Western,2,0,0.0,33.33333333333333,24.460713216842784,Low-High (Outlier),0.03611787520860382
46,Kanungu,1,0,1,0,0,0,252144,74,93.0,51.0,50,0,0,0,0,0,0,-0.9,29.78,Western,2,0,0.0,33.33333333333333,10.168608235301594,Low-High (Outlier),0.1118252857468419
47,Kapchorwa,0,0,0,0,0,0,105186,80,82.4,29.4,52,0,0,0,0,0,28,1.4,34.45,Eastern,0,28,26.619512102371036,0.0,47.72879148100649,High-High (Hotspot Cluster),-0.02044062368335719
48,Kasese,1,1,1,1,1,1,694992,92,86.0,33.3,53,106,536,2,0,206,0,0.18,30.08,Western,6,850,122.30356608421391,100.0,40.822329279325444,High-High (Hotspot Cluster),0.12722544979035882
49,Katakwi,1,1,1,1,0,0,166231,98,74.6,26.3,50,0,0,0,0,0,0,1.9,34.0,Eastern,4,0,0.0,66.66666666666666,0.0,Low-Low (Coldspot Cluster),0.1656899193516722
50,Kayunga,0,0,0,0,0,0,368062,86,72.4,31.2,50,0,0,0,0,0,83,0.7,32.9,Central,0,83,22.550548548885786,0.0,0.0,High-Low (Outlier),0.058253349021780886
51,Kibaale,1,1,0,0,0,1,785088,88,84.0,46.0,60,0,386,0,0,0,0,0.8,31.1,Western,3,386,49.16646286785686,50.0,60.42032440583191,High-High (Hotspot Cluster),0.06386637582105659
52,Kiboga,0,0,0,1,0,1,148218,59,60.0,10.6,45,0,0,0,0,0,0,0.92,31.77,Central,2,0,0.0,33.33333333333333,60.42032440583191,Low-High (Outlier),-0.15436554557485088
53,Kibuku,0,0,0,0,0,0,202033,91,85.7,25.0,50,0,0,0,0,0,81,1.05,33.8,Eastern,0,81,40.09246014264996,0.0,28.466306814515537,High-High (Hotspot Cluster),-0.00227696997210465
54,Kiruhura,0,0,0,0,1,0,328077,20,91.0,45.0,63,0,0,0,0,0,0,-0.2,30.8,Western,1,0,0.0,16.666666666666664,0.0,Low-Low (Coldspot Cluster),0.1656899193516722
55,Kiryandongo,0,0,0,0,0,0,266197,88,68.2,25.0,61,0,0,0,0,0,0,1.9,32.1,Western,0,0,0.0,0.0,0.7805249125638902,Low-Low (Coldspot Cluster),0.1615553625409634
56,Kisoro,0,1,1,0,1,0,281705,95,77.3,21.0,50,0,0,0,0,0,0,-1.28,29.68,Western,3,0,0.0,50.0,10.168608235301594,Low-High (Outlier),0.1118252857468419
57,Kitgum,1,1,0,0,0,0,204048,92,59.0,24.5,62,0,0,0,0,0,0,3.28,32.88,Northern,2,0,0.0,33.33333333333333,0.0,Low-Low (Coldspot Cluster),0.1656899193516722
58,Koboko,1,0,1,0,0,0,206495,92,78.0,31.2,55,0,2,41,0,0,0,3.42,30.96,Northern,2,43,20.823748759049856,33.33333333333333,39.626348010941214,High-High (Hotspot Cluster),-0.017741220614340147
59,Kole,1,1,0,0,0,0,239327,84,78.0,43.0,55,0,0,0,0,0,0,2.4,32.75,Northern,2,0,0.0,33.33333333333333,0.0,Low-Low (Coldspot Cluster),0.1656899193516722
60,Kotido,1,1,1,0,0,0,181050,94,8.4,0.1,25,0,0,0,0,0,0,2.98,34.13,Northern,3,0,0.0,50.0,2.3203650707711345,Low-Low (Coldspot Cluster),0.15339859968684041
61,Kumi,1,0,0,0,0,1,239268,85,92.0,86.0,60,0,0,0,0,0,0,1.45,33.93,Eastern,2,0,0.0,33.33333333333333,15.490306096466341,Low-High (Outlier),0.0836354588979618
62,Kween,1,0,0,0,0,0,93667,88,80.0,19.2,40,0,0,0,0,0,0,1.55,34.6,Eastern,1,0,0.0,16.666666666666664,20.50404283677306,Low-High (Outlier),0.057076948012456344
63,Kyankwanzi,1,0,0,0,0,0,214693,92,59.0,15.6,30,0,0,0,0,0,0,1.1,31.75,Central,1,0,0.0,16.666666666666664,60.901237315938985,Low-High (Outlier),-0.15691301294691667
64,Kyegegwa,0,0,0,0,0,0,281637,28,70.9,22.0,53,0,0,0,0,0,0,0.48,31.05,Western,0,0,0.0,0.0,9.833292573571372,Low-Low (Coldspot Cluster),0.11360150279081811
65,Kyenjojo,0,0,0,0,0,0,422204,50,87.0,38.9,65,0,0,0,0,0,0,0.62,30.65,Western,0,0,0.0,0.0,64.45608191765017,Low-High (Outlier),-0.17574355470468972
66,Lamwo,0,1,1,0,0,0,134379,84,43.6,13.9,33,0,0,0,0,0,0,3.55,32.6,Northern,2,0,0.0,33.33333333333333,23.100983135563744,Low-High (Outlier),0.043320568137149844
67,Lira,1,0,1,0,0,0,408043,92,80.0,16.4,40,0,0,0,0,0,0,2.25,32.9,Northern,2,0,0.0,33.33333333333333,0.0,Low-Low (Coldspot Cluster),0.1656899193516722
68,Luuka,0,0,1,0,0,0,238020,95,65.6,31.0,38,0,0,0,0,0,0,0.75,33.3,Eastern,1,0,0.0,16.666666666666664,5.9166721255010675,Low-Low (Coldspot Cluster),0.13434842513483114
69,Luwero,0,0,0,0,0,0,456958,94,83.0,46.0,60,0,0,0,0,0,0,0.85,32.5,Central,0,0,0.0,0.0,10.301741176898577,Low-High (Outlier),0.11112006070975579
70,Lwengo,1,0,0,0,0,0,274953,22,76.0,45.0,50,0,0,0,0,0,0,-0.45,31.35,Central,1,0,0.0,16.666666666666664,0.0,Low-Low (Coldspot Cluster),0.1656899193516722
71,Lyantonde,0,0,0,0,0,0,93753,73,89.0,58.0,66,0,0,0,0,0,0,-0.4,31.15,Central,0,0,0.0,0.0,0.0,Low-Low (Coldspot Cluster),0.1656899193516722
72,Manafwa,1,1,0,0,1,0,353825,94,79.0,27.0,47,0,25,0,0,0,17,0.9,34.35,Eastern,3,42,11.870274853387974,50.0,78.73177230962831,High-High (Hotspot Cluster),-0.16556884888502918
73,Maracha,0,0,0,0,0,0,186134,91,82.0,45.0,65,0,30,19,18,0,0,3.2,30.85,Northern,0,67,35.9955730817583,0.0,134.6768004988457,High-High (Hotspot Cluster),0.01917998734640881
74,Masaka,1,0,1,1,0,0,297004,94,84.5,33.7,64,0,0,0,0,0,0,-0.33,31.73,Central,3,0,0.0,50.0,0.0,Low-Low (Coldspot Cluster),0.1656899193516722
75,Masindi,0,0,0,0,0,0,291113,88,79.0,35.0,60,0,7,0,0,0,0,1.68,31.72,Western,0,7,2.4045645505353592,0.0,259.95903473889723,High-High (Hotspot Cluster),-1.1275978144929875
76,Mayuge,0,0,1,0,0,0,473239,81,68.0,35.0,43,0,0,0,0,0,140,0.45,33.47,Eastern,1,140,29.58336062750534,16.666666666666664,34.626488799769774,High-High (Hotspot Cluster),-0.0026483922679289553
77,Mbale,1,0,1,1,0,0,488960,95,81.0,25.0,45,0,375,0,0,59,96,1.08,34.18,Eastern,3,530,108.39332460732984,50.0,74.60730277513878,High-High (Hotspot Cluster),0.48582736150253397
78,Mbarara,0,0,0,0,0,1,472629,78,98.6,48.0,78,0,0,0,0,0,0,-0.61,30.65,Western,1,0,0.0,16.666666666666664,0.0,Low-Low (Coldspot Cluster),0.1656899193516722
79,Mitooma,1,0,0,0,0,0,183444,79,92.0,43.0,40,0,0,0,0,0,0,-0.7,30.05,Western,1,0,0.0,16.666666666666664,10.168608235301594,Low-High (Outlier),0.1118252857468419
80,Mityana,0,0,0,0,0,0,328964,68,87.9,34.8,55,0,0,0,0,0,0,0.4,32.05,Central,0,0,0.0,0.0,5.791631467121419,Low-Low (Coldspot Cluster),0.13501078414143974
81,Moroto,1,1,0,0,1,0,103432,0,2.3,0.0,15,0,0,0,0,2,10,2.53,34.66,Eastern,3,12,11.601825353855673,50.0,0.0,High-Low (Outlier),0.110415861477536
82,Moyo,1,0,0,1,0,0,139012,96,94.0,57.0,85,0,0,0,97,0,0,3.65,31.72,Northern,2,97,69.77814864903749,33.33333333333333,22.97132186448678,High-High (Hotspot Cluster),-0.0442892258929563
83,Mpigi,1,0,0,0,0,0,250548,82,66.0,53.0,64,0,0,0,0,0,0,0.23,32.32,Central,1,0,0.0,16.666666666666664,5.791631467121419,Low-Low (Coldspot Cluster),0.13501078414143974
84,Mubende,0,0,1,0,0,0,684337,76,83.2,20.5,45,0,0,0,0,0,0,0.6,31.4,Central,1,0,0.0,16.666666666666664,9.833292573571372,Low-Low (Coldspot Cluster),0.11360150279081811
85,Mukono,1,0,0,0,0,0,596804,85,91.0,52.0,63,0,0,0,0,0,0,0.35,32.75,Central,1,0,0.0,16.666666666666664,10.301741176898577,Low-High (Outlier),0.11112006070975579
86,Nakapiripirit,1,1,1,0,0,0,156690,94,31.4,7.0,30,0,0,0,0,0,0,1.9,34.75,Eastern,3,0,0.0,50.0,7.644267491245341,Low-Low (Coldspot Cluster),0.1251970949586757
87,Nakaseke,0,1,1,0,0,0,197369,38,84.4,33.1,41,0,0,0,0,0,0,1.2,32.25,Central,2,0,0.0,33.33333333333333,0.4809129101070718,Low-Low (Coldspot Cluster),0.16314245197960647
88,Nakasongola,0,0,0,0,0,0,181799,67,87.0,35.0,58,0,0,0,0,0,0,1.35,32.45,Central,0,0,0.0,0.0,0.0,Low-Low (Coldspot Cluster),0.1656899193516722
89,Namayingo,0,0,0,0,1,0,215442,77,61.5,17.8,30,0,0,0,109,0,264,0.3,33.75,Eastern,1,373,173.13244399884888,16.666666666666664,22.552713768263207,High-High (Hotspot Cluster),-0.18389430953349248
90,Namutumba,0,0,1,0,0,0,252562,95,84.1,23.0,53,0,0,0,0,0,15,0.83,33.68,Eastern,1,15,5.939135736967557,16.666666666666664,31.036845274240676,High-High (Hotspot Cluster),0.0010639990880722755
91,Napak,1,0,1,0,0,0,142224,100,22.0,5.8,17,0,0,0,0,0,0,2.4,34.25,Eastern,2,0,0.0,33.33333333333333,2.3203650707711345,Low-Low (Coldspot Cluster),0.15339859968684041
92,Nebbi,1,1,1,1,0,0,396794,88,80.0,37.0,67,0,1759,258,49,0,254,2.48,31.09,Western,4,2320,584.686260376921,66.66666666666666,217.80708239202994,High-High (Hotspot Cluster),15.623403634508398
93,Ngora,0,0,0,0,0,0,141919,90,84.0,42.0,63,0,0,0,0,0,0,1.5,33.78,Eastern,0,0,0.0,0.0,0.31016568016748947,Low-Low (Coldspot Cluster),0.16404692550901298
94,Ntoroko,1,1,1,0,0,0,67005,97,66.7,11.9,50,0,138,43,2,0,0,1.05,30.3,Western,3,183,273.113946720394,50.0,75.1163350697396,High-High (Hotspot Cluster),1.5913826092433714
95,Ntungamo,0,0,1,1,1,0,483841,86,94.9,23.0,50,0,0,0,0,0,0,-0.88,30.27,Western,3,0,0.0,50.0,10.168608235301594,Low-High (Outlier),0.1118252857468419
96,Nwoya,0,0,0,0,0,0,133506,88,74.8,12.9,67,0,2,0,0,0,0,2.6,32.0,Northern,0,2,1.4980600122840921,0.0,16.001418881181536,High-High (Hotspot Cluster),0.07744202091029286
97,Otuke,0,1,1,0,0,0,104254,85,66.0,14.0,35,0,0,0,0,0,0,2.4,33.35,Northern,2,0,0.0,33.33333333333333,0.0,Low-Low (Coldspot Cluster),0.1656899193516722
98,Oyam,1,0,0,0,0,0,383644,75,89.9,29.0,65,0,0,0,0,0,0,2.28,32.4,Northern,1,0,0.0,16.666666666666664,0.0,Low-Low (Coldspot Cluster),0.1656899193516722
99,Pader,0,1,0,0,0,0,178004,92,51.0,26.0,53,0,0,0,0,0,0,2.9,33.15,Northern,1,0,0.0,16.666666666666664,0.0,Low-Low (Coldspot Cluster),0.1656899193516722
100,Pallisa,0,0,0,0,0,0,386890,83,87.0,36.0,75,0,0,0,0,0,6,1.15,33.7,Eastern,0,6,1.5508284008374473,0.0,9.206319175923504,High-Low (Outlier),0.11170878961496028
101,Rakai,0,1,1,0,0,1,516309,79,84.0,65.0,55,0,0,0,0,0,0,-0.75,31.4,Central,3,0,0.0,50.0,0.0,Low-Low (Coldspot Cluster),0.1656899193516722
102,Rubirizi,0,0,0,0,0,0,129149,86,85.4,23.8,50,0,0,0,0,0,0,-0.27,30.1,Western,0,0,0.0,0.0,24.460713216842784,Low-High (Outlier),0.03611787520860382
103,Rukungiri,1,0,0,0,0,0,314694,75,98.9,51.1,68,123,37,0,0,0,0,-0.78,29.93,Western,1,160,50.843041176507974,16.666666666666664,0.0,High-Low (Outlier),-0.07653930878900445
104,Serere,1,1,1,0,0,0,285903,38,85.0,53.0,70,0,0,0,0,0,0,1.5,33.55,Eastern,3,0,0.0,50.0,0.31016568016748947,Low-Low (Coldspot Cluster),0.16404692550901298
105,Sheema,0,0,0,0,0,0,207343,99,89.0,65.0,53,0,0,0,0,0,0,-0.55,30.3,Western,0,0,0.0,0.0,0.0,Low-Low (Coldspot Cluster),0.1656899193516722
106,Sironko,1,0,1,1,0,1,242422,49,77.0,35.0,35,0,25,0,0,0,159,1.23,34.25,Eastern,4,184,75.90070208149426,66.66666666666666,78.73177230962831,High-High (Hotspot Cluster),0.297225921249752
107,Soroti,1,1,1,0,1,0,296833,91,83.2,53.9,60,0,0,0,0,0,0,1.72,33.61,Eastern,4,0,0.0,66.66666666666666,0.0,Low-Low (Coldspot Cluster),0.1656899193516722
108,Ssembabule,0,0,0,0,0,0,252597,94,70.0,16.1,48,0,0,0,0,0,0,-0.1,31.35,Central,0,0,0.0,0.0,0.0,Low-Low (Coldspot Cluster),0.1656899193516722
109,Tororo,1,0,1,0,0,1,517082,94,81.0,34.4,55,0,0,0,0,0,0,0.69,34.18,Eastern,3,0,0.0,50.0,65.3450790352116,Low-High (Outlier),-0.1804527049546675
110,Wakiso,0,0,0,0,1,0,1997418,91,89.7,58.0,70,0,0,0,0,149,0,0.4,32.47,Central,1,149,7.459630382824225,16.666666666666664,4.299705390556573,High-Low (Outlier),0.11225952181889963
111,Yumbe,1,0,0,0,0,0,484822,96,75.3,44.2,67,0,0,12,1,0,55,3.47,31.24,Northern,1,68,14.025766157476353,16.666666666666664,40.98594453125592,High-High (Hotspot Cluster),-0.03068168961314784
112,Zombo,1,1,0,0,0,0,240082,88,80.0,41.0,40,0,34,2,0,0,15,2.55,30.9,Western,2,51,21.242742063128432,33.33333333333333,334.36092380414163,High-High (Hotspot Cluster),-0.6248251433968584
