dist_id,district,lat,lon,region,year,flooded,cases,population,wat_cov,san_cov,hw_cov,score,case_rate_per_100k
1,Abim,2.7,33.65,Northern,2011,1,0,107966,99,61.0,38.0,58,0.0
1,Abim,2.7,33.65,Northern,2012,1,0,107966,99,61.0,38.0,58,0.0
1,Abim,2.7,33.65,Northern,2013,0,0,107966,99,61.0,38.0,58,0.0
1,Abim,2.7,33.65,Northern,2014,0,0,107966,99,61.0,38.0,58,0.0
1,Abim,2.7,33.65,Northern,2015,0,0,107966,99,61.0,38.0,58,0.0
1,Abim,2.7,33.65,Northern,2016,0,0,107966,99,61.0,38.0,58,0.0
2,Adjumani,3.3,31.8,Northern,2011,0,0,225251,100,78.8,60.2,60,0.0
2,Adjumani,3.3,31.8,Northern,2012,0,0,225251,100,78.8,60.2,60,0.0
2,Adjumani,3.3,31.8,Northern,2013,0,0,225251,100,78.8,60.2,60,0.0
2,Adjumani,3.3,31.8,Northern,2014,0,2,225251,100,78.8,60.2,60,0.8878983889083732
2,Adjumani,3.3,31.8,Northern,2015,0,0,225251,100,78.8,60.2,60,0.0
2,Adjumani,3.3,31.8,Northern,2016,0,101,225251,100,78.8,60.2,60,44.83886863987285
3,Agago,2.85,33.33,Northern,2011,0,0,227792,82,66.5,20.6,65,0.0
3,Agago,2.85,33.33,Northern,2012,1,0,227792,82,66.5,20.6,65,0.0
3,Agago,2.85,33.33,Northern,2013,1,0,227792,82,66.5,20.6,65,0.0
3,Agago,2.85,33.33,Northern,2014,0,0,227792,82,66.5,20.6,65,0.0
3,Agago,2.85,33.33,Northern,2015,0,0,227792,82,66.5,20.6,65,0.0
3,Agago,2.85,33.33,Northern,2016,0,0,227792,82,66.5,20.6,65,0.0
4,Alebtong,2.25,33.32,Northern,2011,0,0,227541,89,80.5,25.0,50,0.0
4,Alebtong,2.25,33.32,Northern,2012,0,0,227541,89,80.5,25.0,50,0.0
4,Alebtong,2.25,33.32,Northern,2013,1,0,227541,89,80.5,25.0,50,0.0
4,Alebtong,2.25,33.32,Northern,2014,1,0,227541,89,80.5,25.0,50,0.0
4,Alebtong,2.25,33.32,Northern,2015,0,0,227541,89,80.5,25.0,50,0.0
4,Alebtong,2.25,33.32,Northern,2016,0,0,227541,89,80.5,25.0,50,0.0
5,Amolatar,1.63,32.83,Northern,2011,1,0,147166,100,85.0,36.0,55,0.0
5,Amolatar,1.63,32.83,Northern,2012,0,0,147166,100,85.0,36.0,55,0.0
5,Amolatar,1.63,32.83,Northern,2013,0,0,147166,100,85.0,36.0,55,0.0
5,Amolatar,1.63,32.83,Northern,2014,0,0,147166,100,85.0,36.0,55,0.0
5,Amolatar,1.63,32.83,Northern,2015,1,0,147166,100,85.0,36.0,55,0.0
5,Amolatar,1.63,32.83,Northern,2016,0,0,147166,100,85.0,36.0,55,0.0
6,Amudat,1.8,34.9,Eastern,2011,0,0,105767,63,17.1,11.9,43,0.0
6,Amudat,1.8,34.9,Eastern,2012,0,0,105767,63,17.1,11.9,43,0.0
6,Amudat,1.8,34.9,Eastern,2013,1,0,105767,63,17.1,11.9,43,0.0
6,Amudat,1.8,34.9,Eastern,2014,0,0,105767,63,17.1,11.9,43,0.0
6,Amudat,1.8,34.9,Eastern,2015,1,0,105767,63,17.1,11.9,43,0.0
6,Amudat,1.8,34.9,Eastern,2016,0,0,105767,63,17.1,11.9,43,0.0
7,Amuria,2.02,33.65,Eastern,2011,1,0,270928,97,84.5,55.0,60,0.0
7,Amuria,2.02,33.65,Eastern,2012,1,0,270928,97,84.5,55.0,60,0.0
7,Amuria,2.02,33.65,Eastern,2013,1,0,270928,97,84.5,55.0,60,0.0
7,Amuria,2.02,33.65,Eastern,2014,0,0,270928,97,84.5,55.0,60,0.0
7,Amuria,2.02,33.65,Eastern,2015,0,0,270928,97,84.5,55.0,60,0.0
7,Amuria,2.02,33.65,Eastern,2016,0,0,270928,97,84.5,55.0,60,0.0
8,Amuru,2.85,31.95,Northern,2011,0,0,186696,48,72.8,46.0,43,0.0
8,Amuru,2.85,31.95,Northern,2012,1,0,186696,48,72.8,46.0,43,0.0
8,Amuru,2.85,31.95,Northern,2013,1,0,186696,48,72.8,46.0,43,0.0
8,Amuru,2.85,31.95,Northern,2014,0,0,186696,48,72.8,46.0,43,0.0
8,Amuru,2.85,31.95,Northern,2015,0,0,186696,48,72.8,46.0,43,0.0
8,Amuru,2.85,31.95,Northern,2016,0,64,186696,48,72.8,46.0,43,34.280327377126454
9,Apac,1.98,32.53,Northern,2011,0,0,368626,98,80.3,30.1,70,0.0
9,Apac,1.98,32.53,Northern,2012,0,0,368626,98,80.3,30.1,70,0.0
9,Apac,1.98,32.53,Northern,2013,0,0,368626,98,80.3,30.1,70,0.0
9,Apac,1.98,32.53,Northern,2014,0,0,368626,98,80.3,30.1,70,0.0
9,Apac,1.98,32.53,Northern,2015,0,0,368626,98,80.3,30.1,70,0.0
9,Apac,1.98,32.53,Northern,2016,0,0,368626,98,80.3,30.1,70,0.0
10,Arua,3.03,30.91,Northern,2011,1,0,782077,98,73.0,35.0,55,0.0
10,Arua,3.03,30.91,Northern,2012,0,41,782077,98,73.0,35.0,55,5.242450551544157
10,Arua,3.03,30.91,Northern,2013,0,140,782077,98,73.0,35.0,55,17.90105066380932
10,Arua,3.03,30.91,Northern,2014,0,37,782077,98,73.0,35.0,55,4.730991961149606
10,Arua,3.03,30.91,Northern,2015,0,31,782077,98,73.0,35.0,55,3.9638040755577775
10,Arua,3.03,30.91,Northern,2016,0,6,782077,98,73.0,35.0,55,0.7671878855918279
11,Budaka,1.05,34.1,Eastern,2011,1,0,207597,77,66.0,33.0,35,0.0
11,Budaka,1.05,34.1,Eastern,2012,0,0,207597,77,66.0,33.0,35,0.0
11,Budaka,1.05,34.1,Eastern,2013,1,0,207597,77,66.0,33.0,35,0.0
11,Budaka,1.05,34.1,Eastern,2014,0,0,207597,77,66.0,33.0,35,0.0
11,Budaka,1.05,34.1,Eastern,2015,0,0,207597,77,66.0,33.0,35,0.0
11,Budaka,1.05,34.1,Eastern,2016,0,41,207597,77,66.0,33.0,35,19.74980370621926
12,Bududa,1.0,34.33,Eastern,2011,0,0,210173,89,72.0,21.0,35,0.0
12,Bududa,1.0,34.33,Eastern,2012,1,216,210173,89,72.0,21.0,35,102.77247791105422
12,Bududa,1.0,34.33,Eastern,2013,1,0,210173,89,72.0,21.0,35,0.0
12,Bududa,1.0,34.33,Eastern,2014,1,0,210173,89,72.0,21.0,35,0.0
12,Bududa,1.0,34.33,Eastern,2015,0,0,210173,89,72.0,21.0,35,0.0
12,Bududa,1.0,34.33,Eastern,2016,0,0,210173,89,72.0,21.0,35,0.0
13,Bugiri,0.58,33.75,Eastern,2011,0,0,382913,87,80.5,23.3,53,0.0
13,Bugiri,0.58,33.75,Eastern,2012,0,0,382913,87,80.5,23.3,53,0.0
13,Bugiri,0.58,33.75,Eastern,2013,0,0,382913,87,80.5,23.3,53,0.0
13,Bugiri,0.58,33.75,Eastern,2014,0,0,382913,87,80.5,23.3,53,0.0
13,Bugiri,0.58,33.75,Eastern,2015,0,0,382913,87,80.5,23.3,53,0.0
13,Bugiri,0.58,33.75,Eastern,2016,1,0,382913,87,80.5,23.3,53,0.0
14,Buhweju,-0.35,30.35,Western,2011,1,0,120720,42,87.0,18.0,50,0.0
14,Buhweju,-0.35,30.35,Western,2012,0,0,120720,42,87.0,18.0,50,0.0
14,Buhweju,-0.35,30.35,Western,2013,0,0,120720,42,87.0,18.0,50,0.0
14,Buhweju,-0.35,30.35,Western,2014,0,0,120720,42,87.0,18.0,50,0.0
14,Buhweju,-0.35,30.35,Western,2015,0,0,120720,42,87.0,18.0,50,0.0
14,Buhweju,-0.35,30.35,Western,2016,0,0,120720,42,87.0,18.0,50,0.0
15,Buikwe,0.35,33.0,Central,2011,0,0,422771,86,75.0,40.2,33,0.0
15,Buikwe,0.35,33.0,Central,2012,0,0,422771,86,75.0,40.2,33,0.0
15,Buikwe,0.35,33.0,Central,2013,0,0,422771,86,75.0,40.2,33,0.0
15,Buikwe,0.35,33.0,Central,2014,1,0,422771,86,75.0,40.2,33,0.0
15,Buikwe,0.35,33.0,Central,2015,0,0,422771,86,75.0,40.2,33,0.0
15,Buikwe,0.35,33.0,Central,2016,0,0,422771,86,75.0,40.2,33,0.0
16,Bukedea,1.35,34.1,Eastern,2011,0,0,203600,96,84.0,55.0,90,0.0
16,Bukedea,1.35,34.1,Eastern,2012,1,0,203600,96,84.0,55.0,90,0.0
16,Bukedea,1.35,34.1,Eastern,2013,0,0,203600,96,84.0,55.0,90,0.0
16,Bukedea,1.35,34.1,Eastern,2014,0,0,203600,96,84.0,55.0,90,0.0
16,Bukedea,1.35,34.1,Eastern,2015,0,0,203600,96,84.0,55.0,90,0.0
16,Bukedea,1.35,34.1,Eastern,2016,0,0,203600,96,84.0,55.0,90,0.0
17,Bukomansimbi,-0.35,31.65,Central,2011,0,0,151413,71,68.8,35.0,50,0.0
17,Bukomansimbi,-0.35,31.65,Central,2012,0,0,151413,71,68.8,35.0,50,0.0
17,Bukomansimbi,-0.35,31.65,Central,2013,0,0,151413,71,68.8,35.0,50,0.0
17,Bukomansimbi,-0.35,31.65,Central,2014,0,0,151413,71,68.8,35.0,50,0.0
17,Bukomansimbi,-0.35,31.65,Central,2015,0,0,151413,71,68.8,35.0,50,0.0
17,Bukomansimbi,-0.35,31.65,Central,2016,0,0,151413,71,68.8,35.0,50,0.0
18,Bukwa,1.35,34.75,Eastern,2011,0,0,89356,21,61.4,13.5,28,0.0
18,Bukwa,1.35,34.75,Eastern,2012,0,0,89356,21,61.4,13.5,28,0.0
18,Bukwa,1.35,34.75,Eastern,2013,0,0,89356,21,61.4,13.5,28,0.0
18,Bukwa,1.35,34.75,Eastern,2014,0,0,89356,21,61.4,13.5,28,0.0
18,Bukwa,1.35,34.75,Eastern,2015,0,0,89356,21,61.4,13.5,28,0.0
18,Bukwa,1.35,34.75,Eastern,2016,0,0,89356,21,61.4,13.5,28,0.0
19,Bulambuli,1.1,34.45,Eastern,2011,1,0,174508,93,70.6,29.4,48,0.0
19,Bulambuli,1.1,34.45,Eastern,2012,0,0,174508,93,70.6,29.4,48,0.0
19,Bulambuli,1.1,34.45,Eastern,2013,1,0,174508,93,70.6,29.4,48,0.0
19,Bulambuli,1.1,34.45,Eastern,2014,1,0,174508,93,70.6,29.4,48,0.0
19,Bulambuli,1.1,34.45,Eastern,2015,0,0,174508,93,70.6,29.4,48,0.0
19,Bulambuli,1.1,34.45,Eastern,2016,0,284,174508,93,70.6,29.4,48,162.7432553235382
20,Buliisa,2.1,31.4,Western,2011,1,0,113161,93,68.0,40.0,68,0.0
20,Buliisa,2.1,31.4,Western,2012,0,1021,113161,93,68.0,40.0,68,902.2543102305564
20,Buliisa,2.1,31.4,Western,2013,1,108,113161,93,68.0,40.0,68,95.43924143476993
20,Buliisa,2.1,31.4,Western,2014,0,0,113161,93,68.0,40.0,68,0.0
20,Buliisa,2.1,31.4,Western,2015,0,0,113161,93,68.0,40.0,68,0.0
20,Buliisa,2.1,31.4,Western,2016,0,0,113161,93,68.0,40.0,68,0.0
21,Bundibugyo,0.7,30.06,Western,2011,1,0,224387,88,72.0,26.0,30,0.0
21,Bundibugyo,0.7,30.06,Western,2012,0,458,224387,88,72.0,26.0,30,204.11164639662724
21,Bundibugyo,0.7,30.06,Western,2013,0,0,224387,88,72.0,26.0,30,0.0
21,Bundibugyo,0.7,30.06,Western,2014,0,0,224387,88,72.0,26.0,30,0.0
21,Bundibugyo,0.7,30.06,Western,2015,0,0,224387,88,72.0,26.0,30,0.0
21,Bundibugyo,0.7,30.06,Western,2016,0,0,224387,88,72.0,26.0,30,0.0
22,Bushenyi,-0.58,30.18,Western,2011,0,0,234440,79,92.6,38.8,65,0.0
22,Bushenyi,-0.58,30.18,Western,2012,0,0,234440,79,92.6,38.8,65,0.0
22,Bushenyi,-0.58,30.18,Western,2013,0,0,234440,79,92.6,38.8,65,0.0
22,Bushenyi,-0.58,30.18,Western,2014,1,0,234440,79,92.6,38.8,65,0.0
22,Bushenyi,-0.58,30.18,Western,2015,1,0,234440,79,92.6,38.8,65,0.0
22,Bushenyi,-0.58,30.18,Western,2016,0,0,234440,79,92.6,38.8,65,0.0
23,Busia,0.46,34.09,Eastern,2011,0,0,323662,94,88.2,46.6,52,0.0
23,Busia,0.46,34.09,Eastern,2012,0,0,323662,94,88.2,46.6,52,0.0
23,Busia,0.46,34.09,Eastern,2013,0,0,323662,94,88.2,46.6,52,0.0
23,Busia,0.46,34.09,Eastern,2014,0,0,323662,94,88.2,46.6,52,0.0
23,Busia,0.46,34.09,Eastern,2015,1,246,323662,94,88.2,46.6,52,76.00521531721363
23,Busia,0.46,34.09,Eastern,2016,0,4,323662,94,88.2,46.6,52,1.23585715962949
24,Butaleja,0.85,33.93,Eastern,2011,1,0,244153,96,75.0,32.0,48,0.0
24,Butaleja,0.85,33.93,Eastern,2012,0,17,244153,96,75.0,32.0,48,6.962847067207857
24,Butaleja,0.85,33.93,Eastern,2013,0,0,244153,96,75.0,32.0,48,0.0
24,Butaleja,0.85,33.93,Eastern,2014,1,0,244153,96,75.0,32.0,48,0.0
24,Butaleja,0.85,33.93,Eastern,2015,0,0,244153,96,75.0,32.0,48,0.0
24,Butaleja,0.85,33.93,Eastern,2016,1,264,244153,96,75.0,32.0,48,108.12891916134554
25,Butambala,0.2,32.1,Central,2011,0,0,100840,77,68.0,47.0,43,0.0
25,Butambala,0.2,32.1,Central,2012,1,0,100840,77,68.0,47.0,43,0.0
25,Butambala,0.2,32.1,Central,2013,0,0,100840,77,68.0,47.0,43,0.0
25,Butambala,0.2,32.1,Central,2014,1,0,100840,77,68.0,47.0,43,0.0
25,Butambala,0.2,32.1,Central,2015,0,0,100840,77,68.0,47.0,43,0.0
25,Butambala,0.2,32.1,Central,2016,0,0,100840,77,68.0,47.0,43,0.0
26,Buvuma,-0.35,33.3,Central,2011,0,0,89890,51,38.0,12.0,30,0.0
26,Buvuma,-0.35,33.3,Central,2012,0,0,89890,51,38.0,12.0,30,0.0
26,Buvuma,-0.35,33.3,Central,2013,1,0,89890,51,38.0,12.0,30,0.0
26,Buvuma,-0.35,33.3,Central,2014,0,0,89890,51,38.0,12.0,30,0.0
26,Buvuma,-0.35,33.3,Central,2015,0,0,89890,51,38.0,12.0,30,0.0
26,Buvuma,-0.35,33.3,Central,2016,0,17,89890,51,38.0,12.0,30,18.91200355990655
27,Buyende,1.15,33.15,Eastern,2011,0,0,323067,91,81.3,25.3,43,0.0
27,Buyende,1.15,33.15,Eastern,2012,0,0,323067,91,81.3,25.3,43,0.0
27,Buyende,1.15,33.15,Eastern,2013,1,0,323067,91,81.3,25.3,43,0.0
27,Buyende,1.15,33.15,Eastern,2014,0,0,323067,91,81.3,25.3,43,0.0
27,Buyende,1.15,33.15,Eastern,2015,0,0,323067,91,81.3,25.3,43,0.0
27,Buyende,1.15,33.15,Eastern,2016,0,0,323067,91,81.3,25.3,43,0.0
28,Dokolo,1.92,33.13,Northern,2011,0,0,183093,86,89.0,46.0,65,0.0
28,Dokolo,1.92,33.13,Northern,2012,0,0,183093,86,89.0,46.0,65,0.0
28,Dokolo,1.92,33.13,Northern,2013,0,0,183093,86,89.0,46.0,65,0.0
28,Dokolo,1.92,33.13,Northern,2014,0,0,183093,86,89.0,46.0,65,0.0
28,Dokolo,1.92,33.13,Northern,2015,0,0,183093,86,89.0,46.0,65,0.0
28,Dokolo,1.92,33.13,Northern,2016,0,0,183093,86,89.0,46.0,65,0.0
29,Gomba,0.1,31.85,Central,2011,0,0,159922,81,55.0,27.0,30,0.0
29,Gomba,0.1,31.85,Central,2012,0,0,159922,81,55.0,27.0,30,0.0
29,Gomba,0.1,31.85,Central,2013,0,0,159922,81,55.0,27.0,30,0.0
29,Gomba,0.1,31.85,Central,2014,0,0,159922,81,55.0,27.0,30,0.0
29,Gomba,0.1,31.85,Central,2015,0,0,159922,81,55.0,27.0,30,0.0
29,Gomba,0.1,31.85,Central,2016,0,0,159922,81,55.0,27.0,30,0.0
30,Gulu,2.77,32.3,Northern,2011,0,0,436345,95,74.0,21.0,75,0.0
30,Gulu,2.77,32.3,Northern,2012,0,0,436345,95,74.0,21.0,75,0.0
30,Gulu,2.77,32.3,Northern,2013,1,0,436345,95,74.0,21.0,75,0.0
30,Gulu,2.77,32.3,Northern,2014,1,0,436345,95,74.0,21.0,75,0.0
30,Gulu,2.77,32.3,Northern,2015,0,0,436345,95,74.0,21.0,75,0.0
30,Gulu,2.77,32.3,Northern,2016,0,0,436345,95,74.0,21.0,75,0.0
31,Hoima,1.43,31.35,Western,2011,1,0,572986,83,91.0,40.0,65,0.0
31,Hoima,1.43,31.35,Western,2012,0,1117,572986,83,91.0,40.0,65,194.94368099744148
31,Hoima,1.43,31.35,Western,2013,0,126,572986,83,91.0,40.0,65,21.990066074912825
31,Hoima,1.43,31.35,Western,2014,0,3,572986,83,91.0,40.0,65,0.5235730017836387
31,Hoima,1.43,31.35,Western,2015,0,282,572986,83,91.0,40.0,65,49.21586216766204
31,Hoima,1.43,31.35,Western,2016,1,203,572986,83,91.0,40.0,65,35.42843978735955
32,Ibanda,-0.13,30.58,Western,2011,0,0,249625,90,89.0,36.4,70,0.0
32,Ibanda,-0.13,30.58,Western,2012,0,0,249625,90,89.0,36.4,70,0.0
32,Ibanda,-0.13,30.58,Western,2013,0,0,249625,90,89.0,36.4,70,0.0
32,Ibanda,-0.13,30.58,Western,2014,1,0,249625,90,89.0,36.4,70,0.0
32,Ibanda,-0.13,30.58,Western,2015,0,0,249625,90,89.0,36.4,70,0.0
32,Ibanda,-0.13,30.58,Western,2016,0,0,249625,90,89.0,36.4,70,0.0
33,Iganga,0.6,33.48,Eastern,2011,0,0,504197,97,76.8,23.8,43,0.0
33,Iganga,0.6,33.48,Eastern,2012,0,0,504197,97,76.8,23.8,43,0.0
33,Iganga,0.6,33.48,Eastern,2013,0,0,504197,97,76.8,23.8,43,0.0
33,Iganga,0.6,33.48,Eastern,2014,0,0,504197,97,76.8,23.8,43,0.0
33,Iganga,0.6,33.48,Eastern,2015,0,0,504197,97,76.8,23.8,43,0.0
33,Iganga,0.6,33.48,Eastern,2016,0,0,504197,97,76.8,23.8,43,0.0
34,Isingiro,-0.85,30.8,Western,2011,0,0,486360,41,91.4,35.6,50,0.0
34,Isingiro,-0.85,30.8,Western,2012,0,0,486360,41,91.4,35.6,50,0.0
34,Isingiro,-0.85,30.8,Western,2013,1,0,486360,41,91.4,35.6,50,0.0
34,Isingiro,-0.85,30.8,Western,2014,1,0,486360,41,91.4,35.6,50,0.0
34,Isingiro,-0.85,30.8,Western,2015,0,0,486360,41,91.4,35.6,50,0.0
34,Isingiro,-0.85,30.8,Western,2016,0,0,486360,41,91.4,35.6,50,0.0
35,Jinja,0.43,33.2,Eastern,2011,0,0,471242,96,75.3,16.5,30,0.0
35,Jinja,0.43,33.2,Eastern,2012,0,0,471242,96,75.3,16.5,30,0.0
35,Jinja,0.43,33.2,Eastern,2013,0,0,471242,96,75.3,16.5,30,0.0
35,Jinja,0.43,33.2,Eastern,2014,0,0,471242,96,75.3,16.5,30,0.0
35,Jinja,0.43,33.2,Eastern,2015,0,0,471242,96,75.3,16.5,30,0.0
35,Jinja,0.43,33.2,Eastern,2016,0,0,471242,96,75.3,16.5,30,0.0
36,Kaabong,3.52,34.15,Northern,2011,0,0,167879,96,21.3,31.4,28,0.0
36,Kaabong,3.52,34.15,Northern,2012,1,0,167879,96,21.3,31.4,28,0.0
36,Kaabong,3.52,34.15,Northern,2013,1,0,167879,96,21.3,31.4,28,0.0
36,Kaabong,3.52,34.15,Northern,2014,0,0,167879,96,21.3,31.4,28,0.0
36,Kaabong,3.52,34.15,Northern,2015,0,0,167879,96,21.3,31.4,28,0.0
36,Kaabong,3.52,34.15,Northern,2016,0,0,167879,96,21.3,31.4,28,0.0
37,Kabale,-1.25,29.99,Western,2011,0,0,528231,90,96.0,23.0,50,0.0
37,Kabale,-1.25,29.99,Western,2012,0,0,528231,90,96.0,23.0,50,0.0
37,Kabale,-1.25,29.99,Western,2013,0,0,528231,90,96.0,23.0,50,0.0
37,Kabale,-1.25,29.99,Western,2014,1,0,528231,90,96.0,23.0,50,0.0
37,Kabale,-1.25,29.99,Western,2015,1,0,528231,90,96.0,23.0,50,0.0
37,Kabale,-1.25,29.99,Western,2016,1,0,528231,90,96.0,23.0,50,0.0
38,Kabarole,0.65,30.27,Western,2011,1,0,469236,90,83.7,52.8,55,0.0
38,Kabarole,0.65,30.27,Western,2012,0,0,469236,90,83.7,52.8,55,0.0
38,Kabarole,0.65,30.27,Western,2013,1,0,469236,90,83.7,52.8,55,0.0
38,Kabarole,0.65,30.27,Western,2014,0,0,469236,90,83.7,52.8,55,0.0
38,Kabarole,0.65,30.27,Western,2015,0,0,469236,90,83.7,52.8,55,0.0
38,Kabarole,0.65,30.27,Western,2016,0,0,469236,90,83.7,52.8,55,0.0
39,Kaberamaido,1.75,33.2,Eastern,2011,1,0,215026,97,83.0,30.0,65,0.0
39,Kaberamaido,1.75,33.2,Eastern,2012,1,0,215026,97,83.0,30.0,65,0.0
39,Kaberamaido,1.75,33.2,Eastern,2013,0,0,215026,97,83.0,30.0,65,0.0
39,Kaberamaido,1.75,33.2,Eastern,2014,0,0,215026,97,83.0,30.0,65,0.0
39,Kaberamaido,1.75,33.2,Eastern,2015,0,0,215026,97,83.0,30.0,65,0.0
39,Kaberamaido,1.75,33.2,Eastern,2016,0,0,215026,97,83.0,30.0,65,0.0
40,Kalangala,-0.35,32.25,Central,2011,0,0,54293,85,69.0,3.0,45,0.0
40,Kalangala,-0.35,32.25,Central,2012,0,0,54293,85,69.0,3.0,45,0.0
40,Kalangala,-0.35,32.25,Central,2013,0,0,54293,85,69.0,3.0,45,0.0
40,Kalangala,-0.35,32.25,Central,2014,0,0,54293,85,69.0,3.0,45,0.0
40,Kalangala,-0.35,32.25,Central,2015,0,0,54293,85,69.0,3.0,45,0.0
40,Kalangala,-0.35,32.25,Central,2016,0,0,54293,85,69.0,3.0,45,0.0
41,Kaliro,0.9,33.5,Eastern,2011,0,0,236199,98,74.2,31.6,50,0.0
41,Kaliro,0.9,33.5,Eastern,2012,0,0,236199,98,74.2,31.6,50,0.0
41,Kaliro,0.9,33.5,Eastern,2013,0,0,236199,98,74.2,31.6,50,0.0
41,Kaliro,0.9,33.5,Eastern,2014,0,0,236199,98,74.2,31.6,50,0.0
41,Kaliro,0.9,33.5,Eastern,2015,0,0,236199,98,74.2,31.6,50,0.0
41,Kaliro,0.9,33.5,Eastern,2016,0,0,236199,98,74.2,31.6,50,0.0
42,Kalungu,-0.25,31.75,Central,2011,0,0,183232,69,92.5,51.2,68,0.0
42,Kalungu,-0.25,31.75,Central,2012,0,0,183232,69,92.5,51.2,68,0.0
42,Kalungu,-0.25,31.75,Central,2013,0,0,183232,69,92.5,51.2,68,0.0
42,Kalungu,-0.25,31.75,Central,2014,0,0,183232,69,92.5,51.2,68,0.0
42,Kalungu,-0.25,31.75,Central,2015,0,0,183232,69,92.5,51.2,68,0.0
42,Kalungu,-0.25,31.75,Central,2016,1,0,183232,69,92.5,51.2,68,0.0
43,Kampala,0.3476,32.5825,Central,2011,1,0,1507080,94,89.5,38.0,58,0.0
43,Kampala,0.3476,32.5825,Central,2012,1,0,1507080,94,89.5,38.0,58,0.0
43,Kampala,0.3476,32.5825,Central,2013,1,0,1507080,94,89.5,38.0,58,0.0
43,Kampala,0.3476,32.5825,Central,2014,0,4,1507080,94,89.5,38.0,58,0.2654139129973193
43,Kampala,0.3476,32.5825,Central,2015,0,293,1507080,94,89.5,38.0,58,19.44156912705364
43,Kampala,0.3476,32.5825,Central,2016,1,27,1507080,94,89.5,38.0,58,1.7915439127319055
44,Kamuli,0.95,33.12,Eastern,2011,0,0,486319,96,70.2,38.0,50,0.0
44,Kamuli,0.95,33.12,Eastern,2012,0,0,486319,96,70.2,38.0,50,0.0
44,Kamuli,0.95,33.12,Eastern,2013,1,0,486319,96,70.2,38.0,50,0.0
44,Kamuli,0.95,33.12,Eastern,2014,0,0,486319,96,70.2,38.0,50,0.0
44,Kamuli,0.95,33.12,Eastern,2015,0,0,486319,96,70.2,38.0,50,0.0
44,Kamuli,0.95,33.12,Eastern,2016,0,0,486319,96,70.2,38.0,50,0.0
45,Kamwenge,0.18,30.55,Western,2011,0,0,414454,67,80.2,26.0,48,0.0
45,Kamwenge,0.18,30.55,Western,2012,0,0,414454,67,80.2,26.0,48,0.0
45,Kamwenge,0.18,30.55,Western,2013,0,0,414454,67,80.2,26.0,48,0.0
45,Kamwenge,0.18,30.55,Western,2014,0,0,414454,67,80.2,26.0,48,0.0
45,Kamwenge,0.18,30.55,Western,2015,1,0,414454,67,80.2,26.0,48,0.0
45,Kamwenge,0.18,30.55,Western,2016,1,0,414454,67,80.2,26.0,48,0.0
46,Kanungu,-0.9,29.78,Western,2011,1,0,252144,74,93.0,51.0,50,0.0
46,Kanungu,-0.9,29.78,Western,2012,0,0,252144,74,93.0,51.0,50,0.0
46,Kanungu,-0.9,29.78,Western,2013,1,0,252144,74,93.0,51.0,50,0.0
46,Kanungu,-0.9,29.78,Western,2014,0,0,252144,74,93.0,51.0,50,0.0
46,Kanungu,-0.9,29.78,Western,2015,0,0,252144,74,93.0,51.0,50,0.0
46,Kanungu,-0.9,29.78,Western,2016,0,0,252144,74,93.0,51.0,50,0.0
47,Kapchorwa,1.4,34.45,Eastern,2011,0,0,105186,80,82.4,29.4,52,0.0
47,Kapchorwa,1.4,34.45,Eastern,2012,0,0,105186,80,82.4,29.4,52,0.0
47,Kapchorwa,1.4,34.45,Eastern,2013,0,0,105186,80,82.4,29.4,52,0.0
47,Kapchorwa,1.4,34.45,Eastern,2014,0,0,105186,80,82.4,29.4,52,0.0
47,Kapchorwa,1.4,34.45,Eastern,2015,0,0,105186,80,82.4,29.4,52,0.0
47,Kapchorwa,1.4,34.45,Eastern,2016,0,28,105186,80,82.4,29.4,52,26.619512102371036
48,Kasese,0.18,30.08,Western,2011,1,106,694992,92,86.0,33.3,53,15.251974123443146
48,Kasese,0.18,30.08,Western,2012,1,536,694992,92,86.0,33.3,53,77.12318990722196
48,Kasese,0.18,30.08,Western,2013,1,2,694992,92,86.0,33.3,53,0.2877730966687386
48,Kasese,0.18,30.08,Western,2014,1,0,694992,92,86.0,33.3,53,0.0
48,Kasese,0.18,30.08,Western,2015,1,206,694992,92,86.0,33.3,53,29.64062895688008
48,Kasese,0.18,30.08,Western,2016,1,0,694992,92,86.0,33.3,53,0.0
49,Katakwi,1.9,34.0,Eastern,2011,1,0,166231,98,74.6,26.3,50,0.0
49,Katakwi,1.9,34.0,Eastern,2012,1,0,166231,98,74.6,26.3,50,0.0
49,Katakwi,1.9,34.0,Eastern,2013,1,0,166231,98,74.6,26.3,50,0.0
49,Katakwi,1.9,34.0,Eastern,2014,1,0,166231,98,74.6,26.3,50,0.0
49,Katakwi,1.9,34.0,Eastern,2015,0,0,166231,98,74.6,26.3,50,0.0
49,Katakwi,1.9,34.0,Eastern,2016,0,0,166231,98,74.6,26.3,50,0.0
50,Kayunga,0.7,32.9,Central,2011,0,0,368062,86,72.4,31.2,50,0.0
50,Kayunga,0.7,32.9,Central,2012,0,0,368062,86,72.4,31.2,50,0.0
50,Kayunga,0.7,32.9,Central,2013,0,0,368062,86,72.4,31.2,50,0.0
50,Kayunga,0.7,32.9,Central,2014,0,0,368062,86,72.4,31.2,50,0.0
50,Kayunga,0.7,32.9,Central,2015,0,0,368062,86,72.4,31.2,50,0.0
50,Kayunga,0.7,32.9,Central,2016,0,83,368062,86,72.4,31.2,50,22.550548548885786
51,Kibaale,0.8,31.1,Western,2011,1,0,785088,88,84.0,46.0,60,0.0
51,Kibaale,0.8,31.1,Western,2012,1,386,785088,88,84.0,46.0,60,49.16646286785686
51,Kibaale,0.8,31.1,Western,2013,0,0,785088,88,84.0,46.0,60,0.0
51,Kibaale,0.8,31.1,Western,2014,0,0,785088,88,84.0,46.0,60,0.0
51,Kibaale,0.8,31.1,Western,2015,0,0,785088,88,84.0,46.0,60,0.0
51,Kibaale,0.8,31.1,Western,2016,1,0,785088,88,84.0,46.0,60,0.0
52,Kiboga,0.92,31.77,Central,2011,0,0,148218,59,60.0,10.6,45,0.0
52,Kiboga,0.92,31.77,Central,2012,0,0,148218,59,60.0,10.6,45,0.0
52,Kiboga,0.92,31.77,Central,2013,0,0,148218,59,60.0,10.6,45,0.0
52,Kiboga,0.92,31.77,Central,2014,1,0,148218,59,60.0,10.6,45,0.0
52,Kiboga,0.92,31.77,Central,2015,0,0,148218,59,60.0,10.6,45,0.0
52,Kiboga,0.92,31.77,Central,2016,1,0,148218,59,60.0,10.6,45,0.0
53,Kibuku,1.05,33.8,Eastern,2011,0,0,202033,91,85.7,25.0,50,0.0
53,Kibuku,1.05,33.8,Eastern,2012,0,0,202033,91,85.7,25.0,50,0.0
53,Kibuku,1.05,33.8,Eastern,2013,0,0,202033,91,85.7,25.0,50,0.0
53,Kibuku,1.05,33.8,Eastern,2014,0,0,202033,91,85.7,25.0,50,0.0
53,Kibuku,1.05,33.8,Eastern,2015,0,0,202033,91,85.7,25.0,50,0.0
53,Kibuku,1.05,33.8,Eastern,2016,0,81,202033,91,85.7,25.0,50,40.09246014264996
54,Kiruhura,-0.2,30.8,Western,2011,0,0,328077,20,91.0,45.0,63,0.0
54,Kiruhura,-0.2,30.8,Western,2012,0,0,328077,20,91.0,45.0,63,0.0
54,Kiruhura,-0.2,30.8,Western,2013,0,0,328077,20,91.0,45.0,63,0.0
54,Kiruhura,-0.2,30.8,Western,2014,0,0,328077,20,91.0,45.0,63,0.0
54,Kiruhura,-0.2,30.8,Western,2015,1,0,328077,20,91.0,45.0,63,0.0
54,Kiruhura,-0.2,30.8,Western,2016,0,0,328077,20,91.0,45.0,63,0.0
55,Kiryandongo,1.9,32.1,Western,2011,0,0,266197,88,68.2,25.0,61,0.0
55,Kiryandongo,1.9,32.1,Western,2012,0,0,266197,88,68.2,25.0,61,0.0
55,Kiryandongo,1.9,32.1,Western,2013,0,0,266197,88,68.2,25.0,61,0.0
55,Kiryandongo,1.9,32.1,Western,2014,0,0,266197,88,68.2,25.0,61,0.0
55,Kiryandongo,1.9,32.1,Western,2015,0,0,266197,88,68.2,25.0,61,0.0
55,Kiryandongo,1.9,32.1,Western,2016,0,0,266197,88,68.2,25.0,61,0.0
56,Kisoro,-1.28,29.68,Western,2011,0,0,281705,95,77.3,21.0,50,0.0
56,Kisoro,-1.28,29.68,Western,2012,1,0,281705,95,77.3,21.0,50,0.0
56,Kisoro,-1.28,29.68,Western,2013,1,0,281705,95,77.3,21.0,50,0.0
56,Kisoro,-1.28,29.68,Western,2014,0,0,281705,95,77.3,21.0,50,0.0
56,Kisoro,-1.28,29.68,Western,2015,1,0,281705,95,77.3,21.0,50,0.0
56,Kisoro,-1.28,29.68,Western,2016,0,0,281705,95,77.3,21.0,50,0.0
57,Kitgum,3.28,32.88,Northern,2011,1,0,204048,92,59.0,24.5,62,0.0
57,Kitgum,3.28,32.88,Northern,2012,1,0,204048,92,59.0,24.5,62,0.0
57,Kitgum,3.28,32.88,Northern,2013,0,0,204048,92,59.0,24.5,62,0.0
57,Kitgum,3.28,32.88,Northern,2014,0,0,204048,92,59.0,24.5,62,0.0
57,Kitgum,3.28,32.88,Northern,2015,0,0,204048,92,59.0,24.5,62,0.0
57,Kitgum,3.28,32.88,Northern,2016,0,0,204048,92,59.0,24.5,62,0.0
58,Koboko,3.42,30.96,Northern,2011,1,0,206495,92,78.0,31.2,55,0.0
58,Koboko,3.42,30.96,Northern,2012,0,2,206495,92,78.0,31.2,55,0.9685464539092956
58,Koboko,3.42,30.96,Northern,2013,1,41,206495,92,78.0,31.2,55,19.85520230514056
58,Koboko,3.42,30.96,Northern,2014,0,0,206495,92,78.0,31.2,55,0.0
58,Koboko,3.42,30.96,Northern,2015,0,0,206495,92,78.0,31.2,55,0.0
58,Koboko,3.42,30.96,Northern,2016,0,0,206495,92,78.0,31.2,55,0.0
59,Kole,2.4,32.75,Northern,2011,1,0,239327,84,78.0,43.0,55,0.0
59,Kole,2.4,32.75,Northern,2012,1,0,239327,84,78.0,43.0,55,0.0
59,Kole,2.4,32.75,Northern,2013,0,0,239327,84,78.0,43.0,55,0.0
59,Kole,2.4,32.75,Northern,2014,0,0,239327,84,78.0,43.0,55,0.0
59,Kole,2.4,32.75,Northern,2015,0,0,239327,84,78.0,43.0,55,0.0
59,Kole,2.4,32.75,Northern,2016,0,0,239327,84,78.0,43.0,55,0.0
60,Kotido,2.98,34.13,Northern,2011,1,0,181050,94,8.4,0.1,25,0.0
60,Kotido,2.98,34.13,Northern,2012,1,0,181050,94,8.4,0.1,25,0.0
60,Kotido,2.98,34.13,Northern,2013,1,0,181050,94,8.4,0.1,25,0.0
60,Kotido,2.98,34.13,Northern,2014,0,0,181050,94,8.4,0.1,25,0.0
60,Kotido,2.98,34.13,Northern,2015,0,0,181050,94,8.4,0.1,25,0.0
60,Kotido,2.98,34.13,Northern,2016,0,0,181050,94,8.4,0.1,25,0.0
61,Kumi,1.45,33.93,Eastern,2011,1,0,239268,85,92.0,86.0,60,0.0
61,Kumi,1.45,33.93,Eastern,2012,0,0,239268,85,92.0,86.0,60,0.0
61,Kumi,1.45,33.93,Eastern,2013,0,0,239268,85,92.0,86.0,60,0.0
61,Kumi,1.45,33.93,Eastern,2014,0,0,239268,85,92.0,86.0,60,0.0
61,Kumi,1.45,33.93,Eastern,2015,0,0,239268,85,92.0,86.0,60,0.0
61,Kumi,1.45,33.93,Eastern,2016,1,0,239268,85,92.0,86.0,60,0.0
62,Kween,1.55,34.6,Eastern,2011,1,0,93667,88,80.0,19.2,40,0.0
62,Kween,1.55,34.6,Eastern,2012,0,0,93667,88,80.0,19.2,40,0.0
62,Kween,1.55,34.6,Eastern,2013,0,0,93667,88,80.0,19.2,40,0.0
62,Kween,1.55,34.6,Eastern,2014,0,0,93667,88,80.0,19.2,40,0.0
62,Kween,1.55,34.6,Eastern,2015,0,0,93667,88,80.0,19.2,40,0.0
62,Kween,1.55,34.6,Eastern,2016,0,0,93667,88,80.0,19.2,40,0.0
63,Kyankwanzi,1.1,31.75,Central,2011,1,0,214693,92,59.0,15.6,30,0.0
63,Kyankwanzi,1.1,31.75,Central,2012,0,0,214693,92,59.0,15.6,30,0.0
63,Kyankwanzi,1.1,31.75,Central,2013,0,0,214693,92,59.0,15.6,30,0.0
63,Kyankwanzi,1.1,31.75,Central,2014,0,0,214693,92,59.0,15.6,30,0.0
63,Kyankwanzi,1.1,31.75,Central,2015,0,0,214693,92,59.0,15.6,30,0.0
63,Kyankwanzi,1.1,31.75,Central,2016,0,0,214693,92,59.0,15.6,30,0.0
64,Kyegegwa,0.48,31.05,Western,2011,0,0,281637,28,70.9,22.0,53,0.0
64,Kyegegwa,0.48,31.05,Western,2012,0,0,281637,28,70.9,22.0,53,0.0
64,Kyegegwa,0.48,31.05,Western,2013,0,0,281637,28,70.9,22.0,53,0.0
64,Kyegegwa,0.48,31.05,Western,2014,0,0,281637,28,70.9,22.0,53,0.0
64,Kyegegwa,0.48,31.05,Western,2015,0,0,281637,28,70.9,22.0,53,0.0
64,Kyegegwa,0.48,31.05,Western,2016,0,0,281637,28,70.9,22.0,53,0.0
65,Kyenjojo,0.62,30.65,Western,2011,0,0,422204,50,87.0,38.9,65,0.0
65,Kyenjojo,0.62,30.65,Western,2012,0,0,422204,50,87.0,38.9,65,0.0
65,Kyenjojo,0.62,30.65,Western,2013,0,0,422204,50,87.0,38.9,65,0.0
65,Kyenjojo,0.62,30.65,Western,2014,0,0,422204,50,87.0,38.9,65,0.0
65,Kyenjojo,0.62,30.65,Western,2015,0,0,422204,50,87.0,38.9,65,0.0
65,Kyenjojo,0.62,30.65,Western,2016,0,0,422204,50,87.0,38.9,65,0.0
66,Lamwo,3.55,32.6,Northern,2011,0,0,134379,84,43.6,13.9,33,0.0
66,Lamwo,3.55,32.6,Northern,2012,1,0,134379,84,43.6,13.9,33,0.0
66,Lamwo,3.55,32.6,Northern,2013,1,0,134379,84,43.6,13.9,33,0.0
66,Lamwo,3.55,32.6,Northern,2014,0,0,134379,84,43.6,13.9,33,0.0
66,Lamwo,3.55,32.6,Northern,2015,0,0,134379,84,43.6,13.9,33,0.0
66,Lamwo,3.55,32.6,Northern,2016,0,0,134379,84,43.6,13.9,33,0.0
67,Lira,2.25,32.9,Northern,2011,1,0,408043,92,80.0,16.4,40,0.0
67,Lira,2.25,32.9,Northern,2012,0,0,408043,92,80.0,16.4,40,0.0
67,Lira,2.25,32.9,Northern,2013,1,0,408043,92,80.0,16.4,40,0.0
67,Lira,2.25,32.9,Northern,2014,0,0,408043,92,80.0,16.4,40,0.0
67,Lira,2.25,32.9,Northern,2015,0,0,408043,92,80.0,16.4,40,0.0
67,Lira,2.25,32.9,Northern,2016,0,0,408043,92,80.0,16.4,40,0.0
68,Luuka,0.75,33.3,Eastern,2011,0,0,238020,95,65.6,31.0,38,0.0
68,Luuka,0.75,33.3,Eastern,2012,0,0,238020,95,65.6,31.0,38,0.0
68,Luuka,0.75,33.3,Eastern,2013,1,0,238020,95,65.6,31.0,38,0.0
68,Luuka,0.75,33.3,Eastern,2014,0,0,238020,95,65.6,31.0,38,0.0
68,Luuka,0.75,33.3,Eastern,2015,0,0,238020,95,65.6,31.0,38,0.0
68,Luuka,0.75,33.3,Eastern,2016,0,0,238020,95,65.6,31.0,38,0.0
69,Luwero,0.85,32.5,Central,2011,0,0,456958,94,83.0,46.0,60,0.0
69,Luwero,0.85,32.5,Central,2012,0,0,456958,94,83.0,46.0,60,0.0
69,Luwero,0.85,32.5,Central,2013,0,0,456958,94,83.0,46.0,60,0.0
69,Luwero,0.85,32.5,Central,2014,0,0,456958,94,83.0,46.0,60,0.0
69,Luwero,0.85,32.5,Central,2015,0,0,456958,94,83.0,46.0,60,0.0
69,Luwero,0.85,32.5,Central,2016,0,0,456958,94,83.0,46.0,60,0.0
70,Lwengo,-0.45,31.35,Central,2011,1,0,274953,22,76.0,45.0,50,0.0
70,Lwengo,-0.45,31.35,Central,2012,0,0,274953,22,76.0,45.0,50,0.0
70,Lwengo,-0.45,31.35,Central,2013,0,0,274953,22,76.0,45.0,50,0.0
70,Lwengo,-0.45,31.35,Central,2014,0,0,274953,22,76.0,45.0,50,0.0
70,Lwengo,-0.45,31.35,Central,2015,0,0,274953,22,76.0,45.0,50,0.0
70,Lwengo,-0.45,31.35,Central,2016,0,0,274953,22,76.0,45.0,50,0.0
71,Lyantonde,-0.4,31.15,Central,2011,0,0,93753,73,89.0,58.0,66,0.0
71,Lyantonde,-0.4,31.15,Central,2012,0,0,93753,73,89.0,58.0,66,0.0
71,Lyantonde,-0.4,31.15,Central,2013,0,0,93753,73,89.0,58.0,66,0.0
71,Lyantonde,-0.4,31.15,Central,2014,0,0,93753,73,89.0,58.0,66,0.0
71,Lyantonde,-0.4,31.15,Central,2015,0,0,93753,73,89.0,58.0,66,0.0
71,Lyantonde,-0.4,31.15,Central,2016,0,0,93753,73,89.0,58.0,66,0.0
72,Manafwa,0.9,34.35,Eastern,2011,1,0,353825,94,79.0,27.0,47,0.0
72,Manafwa,0.9,34.35,Eastern,2012,1,25,353825,94,79.0,27.0,47,7.065639793683318
72,Manafwa,0.9,34.35,Eastern,2013,0,0,353825,94,79.0,27.0,47,0.0
72,Manafwa,0.9,34.35,Eastern,2014,0,0,353825,94,79.0,27.0,47,0.0
72,Manafwa,0.9,34.35,Eastern,2015,1,0,353825,94,79.0,27.0,47,0.0
72,Manafwa,0.9,34.35,Eastern,2016,0,17,353825,94,79.0,27.0,47,4.804635059704656
73,Maracha,3.2,30.85,Northern,2011,0,0,186134,91,82.0,45.0,65,0.0
73,Maracha,3.2,30.85,Northern,2012,0,30,186134,91,82.0,45.0,65,16.117420782876852
73,Maracha,3.2,30.85,Northern,2013,0,19,186134,91,82.0,45.0,65,10.20769982915534
73,Maracha,3.2,30.85,Northern,2014,0,18,186134,91,82.0,45.0,65,9.670452469726111
73,Maracha,3.2,30.85,Northern,2015,0,0,186134,91,82.0,45.0,65,0.0
73,Maracha,3.2,30.85,Northern,2016,0,0,186134,91,82.0,45.0,65,0.0
74,Masaka,-0.33,31.73,Central,2011,1,0,297004,94,84.5,33.7,64,0.0
74,Masaka,-0.33,31.73,Central,2012,0,0,297004,94,84.5,33.7,64,0.0
74,Masaka,-0.33,31.73,Central,2013,1,0,297004,94,84.5,33.7,64,0.0
74,Masaka,-0.33,31.73,Central,2014,1,0,297004,94,84.5,33.7,64,0.0
74,Masaka,-0.33,31.73,Central,2015,0,0,297004,94,84.5,33.7,64,0.0
74,Masaka,-0.33,31.73,Central,2016,0,0,297004,94,84.5,33.7,64,0.0
75,Masindi,1.68,31.72,Western,2011,0,0,291113,88,79.0,35.0,60,0.0
75,Masindi,1.68,31.72,Western,2012,0,7,291113,88,79.0,35.0,60,2.4045645505353592
75,Masindi,1.68,31.72,Western,2013,0,0,291113,88,79.0,35.0,60,0.0
75,Masindi,1.68,31.72,Western,2014,0,0,291113,88,79.0,35.0,60,0.0
75,Masindi,1.68,31.72,Western,2015,0,0,291113,88,79.0,35.0,60,0.0
75,Masindi,1.68,31.72,Western,2016,0,0,291113,88,79.0,35.0,60,0.0
76,Mayuge,0.45,33.47,Eastern,2011,0,0,473239,81,68.0,35.0,43,0.0
76,Mayuge,0.45,33.47,Eastern,2012,0,0,473239,81,68.0,35.0,43,0.0
76,Mayuge,0.45,33.47,Eastern,2013,1,0,473239,81,68.0,35.0,43,0.0
76,Mayuge,0.45,33.47,Eastern,2014,0,0,473239,81,68.0,35.0,43,0.0
76,Mayuge,0.45,33.47,Eastern,2015,0,0,473239,81,68.0,35.0,43,0.0
76,Mayuge,0.45,33.47,Eastern,2016,0,140,473239,81,68.0,35.0,43,29.58336062750534
77,Mbale,1.08,34.18,Eastern,2011,1,0,488960,95,81.0,25.0,45,0.0
77,Mbale,1.08,34.18,Eastern,2012,0,375,488960,95,81.0,25.0,45,76.69339005235602
77,Mbale,1.08,34.18,Eastern,2013,1,0,488960,95,81.0,25.0,45,0.0
77,Mbale,1.08,34.18,Eastern,2014,1,0,488960,95,81.0,25.0,45,0.0
77,Mbale,1.08,34.18,Eastern,2015,0,59,488960,95,81.0,25.0,45,12.06642670157068
77,Mbale,1.08,34.18,Eastern,2016,0,96,488960,95,81.0,25.0,45,19.63350785340314
78,Mbarara,-0.61,30.65,Western,2011,0,0,472629,78,98.6,48.0,78,0.0
78,Mbarara,-0.61,30.65,Western,2012,0,0,472629,78,98.6,48.0,78,0.0
78,Mbarara,-0.61,30.65,Western,2013,0,0,472629,78,98.6,48.0,78,0.0
78,Mbarara,-0.61,30.65,Western,2014,0,0,472629,78,98.6,48.0,78,0.0
78,Mbarara,-0.61,30.65,Western,2015,0,0,472629,78,98.6,48.0,78,0.0
78,Mbarara,-0.61,30.65,Western,2016,1,0,472629,78,98.6,48.0,78,0.0
79,Mitooma,-0.7,30.05,Western,2011,1,0,183444,79,92.0,43.0,40,0.0
79,Mitooma,-0.7,30.05,Western,2012,0,0,183444,79,92.0,43.0,40,0.0
79,Mitooma,-0.7,30.05,Western,2013,0,0,183444,79,92.0,43.0,40,0.0
79,Mitooma,-0.7,30.05,Western,2014,0,0,183444,79,92.0,43.0,40,0.0
79,Mitooma,-0.7,30.05,Western,2015,0,0,183444,79,92.0,43.0,40,0.0
79,Mitooma,-0.7,30.05,Western,2016,0,0,183444,79,92.0,43.0,40,0.0
80,Mityana,0.4,32.05,Central,2011,0,0,328964,68,87.9,34.8,55,0.0
80,Mityana,0.4,32.05,Central,2012,0,0,328964,68,87.9,34.8,55,0.0
80,Mityana,0.4,32.05,Central,2013,0,0,328964,68,87.9,34.8,55,0.0
80,Mityana,0.4,32.05,Central,2014,0,0,328964,68,87.9,34.8,55,0.0
80,Mityana,0.4,32.05,Central,2015,0,0,328964,68,87.9,34.8,55,0.0
80,Mityana,0.4,32.05,Central,2016,0,0,328964,68,87.9,34.8,55,0.0
81,Moroto,2.53,34.66,Eastern,2011,1,0,103432,0,2.3,0.0,15,0.0
81,Moroto,2.53,34.66,Eastern,2012,1,0,103432,0,2.3,0.0,15,0.0
81,Moroto,2.53,34.66,Eastern,2013,0,0,103432,0,2.3,0.0,15,0.0
81,Moroto,2.53,34.66,Eastern,2014,0,0,103432,0,2.3,0.0,15,0.0
81,Moroto,2.53,34.66,Eastern,2015,1,2,103432,0,2.3,0.0,15,1.9336375589759454
81,Moroto,2.53,34.66,Eastern,2016,0,10,103432,0,2.3,0.0,15,9.668187794879728
82,Moyo,3.65,31.72,Northern,2011,1,0,139012,96,94.0,57.0,85,0.0
82,Moyo,3.65,31.72,Northern,2012,0,0,139012,96,94.0,57.0,85,0.0
82,Moyo,3.65,31.72,Northern,2013,0,0,139012,96,94.0,57.0,85,0.0
82,Moyo,3.65,31.72,Northern,2014,1,97,139012,96,94.0,57.0,85,69.77814864903749
82,Moyo,3.65,31.72,Northern,2015,0,0,139012,96,94.0,57.0,85,0.0
82,Moyo,3.65,31.72,Northern,2016,0,0,139012,96,94.0,57.0,85,0.0
83,Mpigi,0.23,32.32,Central,2011,1,0,250548,82,66.0,53.0,64,0.0
83,Mpigi,0.23,32.32,Central,2012,0,0,250548,82,66.0,53.0,64,0.0
83,Mpigi,0.23,32.32,Central,2013,0,0,250548,82,66.0,53.0,64,0.0
83,Mpigi,0.23,32.32,Central,2014,0,0,250548,82,66.0,53.0,64,0.0
83,Mpigi,0.23,32.32,Central,2015,0,0,250548,82,66.0,53.0,64,0.0
83,Mpigi,0.23,32.32,Central,2016,0,0,250548,82,66.0,53.0,64,0.0
84,Mubende,0.6,31.4,Central,2011,0,0,684337,76,83.2,20.5,45,0.0
84,Mubende,0.6,31.4,Central,2012,0,0,684337,76,83.2,20.5,45,0.0
84,Mubende,0.6,31.4,Central,2013,1,0,684337,76,83.2,20.5,45,0.0
84,Mubende,0.6,31.4,Central,2014,0,0,684337,76,83.2,20.5,45,0.0
84,Mubende,0.6,31.4,Central,2015,0,0,684337,76,83.2,20.5,45,0.0
84,Mubende,0.6,31.4,Central,2016,0,0,684337,76,83.2,20.5,45,0.0
85,Mukono,0.35,32.75,Central,2011,1,0,596804,85,91.0,52.0,63,0.0
85,Mukono,0.35,32.75,Central,2012,0,0,596804,85,91.0,52.0,63,0.0
85,Mukono,0.35,32.75,Central,2013,0,0,596804,85,91.0,52.0,63,0.0
85,Mukono,0.35,32.75,Central,2014,0,0,596804,85,91.0,52.0,63,0.0
85,Mukono,0.35,32.75,Central,2015,0,0,596804,85,91.0,52.0,63,0.0
85,Mukono,0.35,32.75,Central,2016,0,0,596804,85,91.0,52.0,63,0.0
86,Nakapiripirit,1.9,34.75,Eastern,2011,1,0,156690,94,31.4,7.0,30,0.0
86,Nakapiripirit,1.9,34.75,Eastern,2012,1,0,156690,94,31.4,7.0,30,0.0
86,Nakapiripirit,1.9,34.75,Eastern,2013,1,0,156690,94,31.4,7.0,30,0.0
86,Nakapiripirit,1.9,34.75,Eastern,2014,0,0,156690,94,31.4,7.0,30,0.0
86,Nakapiripirit,1.9,34.75,Eastern,2015,0,0,156690,94,31.4,7.0,30,0.0
86,Nakapiripirit,1.9,34.75,Eastern,2016,0,0,156690,94,31.4,7.0,30,0.0
87,Nakaseke,1.2,32.25,Central,2011,0,0,197369,38,84.4,33.1,41,0.0
87,Nakaseke,1.2,32.25,Central,2012,1,0,197369,38,84.4,33.1,41,0.0
87,Nakaseke,1.2,32.25,Central,2013,1,0,197369,38,84.4,33.1,41,0.0
87,Nakaseke,1.2,32.25,Central,2014,0,0,197369,38,84.4,33.1,41,0.0
87,Nakaseke,1.2,32.25,Central,2015,0,0,197369,38,84.4,33.1,41,0.0
87,Nakaseke,1.2,32.25,Central,2016,0,0,197369,38,84.4,33.1,41,0.0
88,Nakasongola,1.35,32.45,Central,2011,0,0,181799,67,87.0,35.0,58,0.0
88,Nakasongola,1.35,32.45,Central,2012,0,0,181799,67,87.0,35.0,58,0.0
88,Nakasongola,1.35,32.45,Central,2013,0,0,181799,67,87.0,35.0,58,0.0
88,Nakasongola,1.35,32.45,Central,2014,0,0,181799,67,87.0,35.0,58,0.0
88,Nakasongola,1.35,32.45,Central,2015,0,0,181799,67,87.0,35.0,58,0.0
88,Nakasongola,1.35,32.45,Central,2016,0,0,181799,67,87.0,35.0,58,0.0
89,Namayingo,0.3,33.75,Eastern,2011,0,0,215442,77,61.5,17.8,30,0.0
89,Namayingo,0.3,33.75,Eastern,2012,0,0,215442,77,61.5,17.8,30,0.0
89,Namayingo,0.3,33.75,Eastern,2013,0,0,215442,77,61.5,17.8,30,0.0
89,Namayingo,0.3,33.75,Eastern,2014,0,109,215442,77,61.5,17.8,30,50.59366325971724
89,Namayingo,0.3,33.75,Eastern,2015,1,0,215442,77,61.5,17.8,30,0.0
89,Namayingo,0.3,33.75,Eastern,2016,0,264,215442,77,61.5,17.8,30,122.53878073913164
90,Namutumba,0.83,33.68,Eastern,2011,0,0,252562,95,84.1,23.0,53,0.0
90,Namutumba,0.83,33.68,Eastern,2012,0,0,252562,95,84.1,23.0,53,0.0
90,Namutumba,0.83,33.68,Eastern,2013,1,0,252562,95,84.1,23.0,53,0.0
90,Namutumba,0.83,33.68,Eastern,2014,0,0,252562,95,84.1,23.0,53,0.0
90,Namutumba,0.83,33.68,Eastern,2015,0,0,252562,95,84.1,23.0,53,0.0
90,Namutumba,0.83,33.68,Eastern,2016,0,15,252562,95,84.1,23.0,53,5.939135736967557
91,Napak,2.4,34.25,Eastern,2011,1,0,142224,100,22.0,5.8,17,0.0
91,Napak,2.4,34.25,Eastern,2012,0,0,142224,100,22.0,5.8,17,0.0
91,Napak,2.4,34.25,Eastern,2013,1,0,142224,100,22.0,5.8,17,0.0
91,Napak,2.4,34.25,Eastern,2014,0,0,142224,100,22.0,5.8,17,0.0
91,Napak,2.4,34.25,Eastern,2015,0,0,142224,100,22.0,5.8,17,0.0
91,Napak,2.4,34.25,Eastern,2016,0,0,142224,100,22.0,5.8,17,0.0
92,Nebbi,2.48,31.09,Western,2011,1,0,396794,88,80.0,37.0,67,0.0
92,Nebbi,2.48,31.09,Western,2012,1,1759,396794,88,80.0,37.0,67,443.30307413922594
92,Nebbi,2.48,31.09,Western,2013,1,258,396794,88,80.0,37.0,67,65.0211444729507
92,Nebbi,2.48,31.09,Western,2014,1,49,396794,88,80.0,37.0,67,12.34897705106428
92,Nebbi,2.48,31.09,Western,2015,0,0,396794,88,80.0,37.0,67,0.0
92,Nebbi,2.48,31.09,Western,2016,0,254,396794,88,80.0,37.0,67,64.01306471368014
93,Ngora,1.5,33.78,Eastern,2011,0,0,141919,90,84.0,42.0,63,0.0
93,Ngora,1.5,33.78,Eastern,2012,0,0,141919,90,84.0,42.0,63,0.0
93,Ngora,1.5,33.78,Eastern,2013,0,0,141919,90,84.0,42.0,63,0.0
93,Ngora,1.5,33.78,Eastern,2014,0,0,141919,90,84.0,42.0,63,0.0
93,Ngora,1.5,33.78,Eastern,2015,0,0,141919,90,84.0,42.0,63,0.0
93,Ngora,1.5,33.78,Eastern,2016,0,0,141919,90,84.0,42.0,63,0.0
94,Ntoroko,1.05,30.3,Western,2011,1,0,67005,97,66.7,11.9,50,0.0
94,Ntoroko,1.05,30.3,Western,2012,1,138,67005,97,66.7,11.9,50,205.9547794940676
94,Ntoroko,1.05,30.3,Western,2013,1,43,67005,97,66.7,11.9,50,64.17431534960077
94,Ntoroko,1.05,30.3,Western,2014,0,2,67005,97,66.7,11.9,50,2.9848518767256174
94,Ntoroko,1.05,30.3,Western,2015,0,0,67005,97,66.7,11.9,50,0.0
94,Ntoroko,1.05,30.3,Western,2016,0,0,67005,97,66.7,11.9,50,0.0
95,Ntungamo,-0.88,30.27,Western,2011,0,0,483841,86,94.9,23.0,50,0.0
95,Ntungamo,-0.88,30.27,Western,2012,0,0,483841,86,94.9,23.0,50,0.0
95,Ntungamo,-0.88,30.27,Western,2013,1,0,483841,86,94.9,23.0,50,0.0
95,Ntungamo,-0.88,30.27,Western,2014,1,0,483841,86,94.9,23.0,50,0.0
95,Ntungamo,-0.88,30.27,Western,2015,1,0,483841,86,94.9,23.0,50,0.0
95,Ntungamo,-0.88,30.27,Western,2016,0,0,483841,86,94.9,23.0,50,0.0
96,Nwoya,2.6,32.0,Northern,2011,0,0,133506,88,74.8,12.9,67,0.0
96,Nwoya,2.6,32.0,Northern,2012,0,2,133506,88,74.8,12.9,67,1.4980600122840921
96,Nwoya,2.6,32.0,Northern,2013,0,0,133506,88,74.8,12.9,67,0.0
96,Nwoya,2.6,32.0,Northern,2014,0,0,133506,88,74.8,12.9,67,0.0
96,Nwoya,2.6,32.0,Northern,2015,0,0,133506,88,74.8,12.9,67,0.0
96,Nwoya,2.6,32.0,Northern,2016,0,0,133506,88,74.8,12.9,67,0.0
97,Otuke,2.4,33.35,Northern,2011,0,0,104254,85,66.0,14.0,35,0.0
97,Otuke,2.4,33.35,Northern,2012,1,0,104254,85,66.0,14.0,35,0.0
97,Otuke,2.4,33.35,Northern,2013,1,0,104254,85,66.0,14.0,35,0.0
97,Otuke,2.4,33.35,Northern,2014,0,0,104254,85,66.0,14.0,35,0.0
97,Otuke,2.4,33.35,Northern,2015,0,0,104254,85,66.0,14.0,35,0.0
97,Otuke,2.4,33.35,Northern,2016,0,0,104254,85,66.0,14.0,35,0.0
98,Oyam,2.28,32.4,Northern,2011,1,0,383644,75,89.9,29.0,65,0.0
98,Oyam,2.28,32.4,Northern,2012,0,0,383644,75,89.9,29.0,65,0.0
98,Oyam,2.28,32.4,Northern,2013,0,0,383644,75,89.9,29.0,65,0.0
98,Oyam,2.28,32.4,Northern,2014,0,0,383644,75,89.9,29.0,65,0.0
98,Oyam,2.28,32.4,Northern,2015,0,0,383644,75,89.9,29.0,65,0.0
98,Oyam,2.28,32.4,Northern,2016,0,0,383644,75,89.9,29.0,65,0.0
99,Pader,2.9,33.15,Northern,2011,0,0,178004,92,51.0,26.0,53,0.0
99,Pader,2.9,33.15,Northern,2012,1,0,178004,92,51.0,26.0,53,0.0
99,Pader,2.9,33.15,Northern,2013,0,0,178004,92,51.0,26.0,53,0.0
99,Pader,2.9,33.15,Northern,2014,0,0,178004,92,51.0,26.0,53,0.0
99,Pader,2.9,33.15,Northern,2015,0,0,178004,92,51.0,26.0,53,0.0
99,Pader,2.9,33.15,Northern,2016,0,0,178004,92,51.0,26.0,53,0.0
100,Pallisa,1.15,33.7,Eastern,2011,0,0,386890,83,87.0,36.0,75,0.0
100,Pallisa,1.15,33.7,Eastern,2012,0,0,386890,83,87.0,36.0,75,0.0
100,Pallisa,1.15,33.7,Eastern,2013,0,0,386890,83,87.0,36.0,75,0.0
100,Pallisa,1.15,33.7,Eastern,2014,0,0,386890,83,87.0,36.0,75,0.0
100,Pallisa,1.15,33.7,Eastern,2015,0,0,386890,83,87.0,36.0,75,0.0
100,Pallisa,1.15,33.7,Eastern,2016,0,6,386890,83,87.0,36.0,75,1.5508284008374473
101,Rakai,-0.75,31.4,Central,2011,0,0,516309,79,84.0,65.0,55,0.0
101,Rakai,-0.75,31.4,Central,2012,1,0,516309,79,84.0,65.0,55,0.0
101,Rakai,-0.75,31.4,Central,2013,1,0,516309,79,84.0,65.0,55,0.0
101,Rakai,-0.75,31.4,Central,2014,0,0,516309,79,84.0,65.0,55,0.0
101,Rakai,-0.75,31.4,Central,2015,0,0,516309,79,84.0,65.0,55,0.0
101,Rakai,-0.75,31.4,Central,2016,1,0,516309,79,84.0,65.0,55,0.0
102,Rubirizi,-0.27,30.1,Western,2011,0,0,129149,86,85.4,23.8,50,0.0
102,Rubirizi,-0.27,30.1,Western,2012,0,0,129149,86,85.4,23.8,50,0.0
102,Rubirizi,-0.27,30.1,Western,2013,0,0,129149,86,85.4,23.8,50,0.0
102,Rubirizi,-0.27,30.1,Western,2014,0,0,129149,86,85.4,23.8,50,0.0
102,Rubirizi,-0.27,30.1,Western,2015,0,0,129149,86,85.4,23.8,50,0.0
102,Rubirizi,-0.27,30.1,Western,2016,0,0,129149,86,85.4,23.8,50,0.0
103,Rukungiri,-0.78,29.93,Western,2011,1,123,314694,75,98.9,51.1,68,39.0855879044405
103,Rukungiri,-0.78,29.93,Western,2012,0,37,314694,75,98.9,51.1,68,11.757453272067469
103,Rukungiri,-0.78,29.93,Western,2013,0,0,314694,75,98.9,51.1,68,0.0
103,Rukungiri,-0.78,29.93,Western,2014,0,0,314694,75,98.9,51.1,68,0.0
103,Rukungiri,-0.78,29.93,Western,2015,0,0,314694,75,98.9,51.1,68,0.0
103,Rukungiri,-0.78,29.93,Western,2016,0,0,314694,75,98.9,51.1,68,0.0
104,Serere,1.5,33.55,Eastern,2011,1,0,285903,38,85.0,53.0,70,0.0
104,Serere,1.5,33.55,Eastern,2012,1,0,285903,38,85.0,53.0,70,0.0
104,Serere,1.5,33.55,Eastern,2013,1,0,285903,38,85.0,53.0,70,0.0
104,Serere,1.5,33.55,Eastern,2014,0,0,285903,38,85.0,53.0,70,0.0
104,Serere,1.5,33.55,Eastern,2015,0,0,285903,38,85.0,53.0,70,0.0
104,Serere,1.5,33.55,Eastern,2016,0,0,285903,38,85.0,53.0,70,0.0
105,Sheema,-0.55,30.3,Western,2011,0,0,207343,99,89.0,65.0,53,0.0
105,Sheema,-0.55,30.3,Western,2012,0,0,207343,99,89.0,65.0,53,0.0
105,Sheema,-0.55,30.3,Western,2013,0,0,207343,99,89.0,65.0,53,0.0
105,Sheema,-0.55,30.3,Western,2014,0,0,207343,99,89.0,65.0,53,0.0
105,Sheema,-0.55,30.3,Western,2015,0,0,207343,99,89.0,65.0,53,0.0
105,Sheema,-0.55,30.3,Western,2016,0,0,207343,99,89.0,65.0,53,0.0
106,Sironko,1.23,34.25,Eastern,2011,1,0,242422,49,77.0,35.0,35,0.0
106,Sironko,1.23,34.25,Eastern,2012,0,25,242422,49,77.0,35.0,35,10.31259539150737
106,Sironko,1.23,34.25,Eastern,2013,1,0,242422,49,77.0,35.0,35,0.0
106,Sironko,1.23,34.25,Eastern,2014,1,0,242422,49,77.0,35.0,35,0.0
106,Sironko,1.23,34.25,Eastern,2015,0,0,242422,49,77.0,35.0,35,0.0
106,Sironko,1.23,34.25,Eastern,2016,1,159,242422,49,77.0,35.0,35,65.58810668998689
107,Soroti,1.72,33.61,Eastern,2011,1,0,296833,91,83.2,53.9,60,0.0
107,Soroti,1.72,33.61,Eastern,2012,1,0,296833,91,83.2,53.9,60,0.0
107,Soroti,1.72,33.61,Eastern,2013,1,0,296833,91,83.2,53.9,60,0.0
107,Soroti,1.72,33.61,Eastern,2014,0,0,296833,91,83.2,53.9,60,0.0
107,Soroti,1.72,33.61,Eastern,2015,1,0,296833,91,83.2,53.9,60,0.0
107,Soroti,1.72,33.61,Eastern,2016,0,0,296833,91,83.2,53.9,60,0.0
108,Ssembabule,-0.1,31.35,Central,2011,0,0,252597,94,70.0,16.1,48,0.0
108,Ssembabule,-0.1,31.35,Central,2012,0,0,252597,94,70.0,16.1,48,0.0
108,Ssembabule,-0.1,31.35,Central,2013,0,0,252597,94,70.0,16.1,48,0.0
108,Ssembabule,-0.1,31.35,Central,2014,0,0,252597,94,70.0,16.1,48,0.0
108,Ssembabule,-0.1,31.35,Central,2015,0,0,252597,94,70.0,16.1,48,0.0
108,Ssembabule,-0.1,31.35,Central,2016,0,0,252597,94,70.0,16.1,48,0.0
109,Tororo,0.69,34.18,Eastern,2011,1,0,517082,94,81.0,34.4,55,0.0
109,Tororo,0.69,34.18,Eastern,2012,0,0,517082,94,81.0,34.4,55,0.0
109,Tororo,0.69,34.18,Eastern,2013,1,0,517082,94,81.0,34.4,55,0.0
109,Tororo,0.69,34.18,Eastern,2014,0,0,517082,94,81.0,34.4,55,0.0
109,Tororo,0.69,34.18,Eastern,2015,0,0,517082,94,81.0,34.4,55,0.0
109,Tororo,0.69,34.18,Eastern,2016,1,0,517082,94,81.0,34.4,55,0.0
110,Wakiso,0.4,32.47,Central,2011,0,0,1997418,91,89.7,58.0,70,0.0
110,Wakiso,0.4,32.47,Central,2012,0,0,1997418,91,89.7,58.0,70,0.0
110,Wakiso,0.4,32.47,Central,2013,0,0,1997418,91,89.7,58.0,70,0.0
110,Wakiso,0.4,32.47,Central,2014,0,0,1997418,91,89.7,58.0,70,0.0
110,Wakiso,0.4,32.47,Central,2015,1,149,1997418,91,89.7,58.0,70,7.459630382824225
110,Wakiso,0.4,32.47,Central,2016,0,0,1997418,91,89.7,58.0,70,0.0
111,Yumbe,3.47,31.24,Northern,2011,1,0,484822,96,75.3,44.2,67,0.0
111,Yumbe,3.47,31.24,Northern,2012,0,0,484822,96,75.3,44.2,67,0.0
111,Yumbe,3.47,31.24,Northern,2013,0,12,484822,96,75.3,44.2,67,2.475135204260533
111,Yumbe,3.47,31.24,Northern,2014,0,1,484822,96,75.3,44.2,67,0.20626126702171105
111,Yumbe,3.47,31.24,Northern,2015,0,0,484822,96,75.3,44.2,67,0.0
111,Yumbe,3.47,31.24,Northern,2016,0,55,484822,96,75.3,44.2,67,11.344369686194108
112,Zombo,2.55,30.9,Western,2011,1,0,240082,88,80.0,41.0,40,0.0
112,Zombo,2.55,30.9,Western,2012,1,34,240082,88,80.0,41.0,40,14.16182804208562
112,Zombo,2.55,30.9,Western,2013,0,2,240082,88,80.0,41.0,40,0.8330487083579777
112,Zombo,2.55,30.9,Western,2014,0,0,240082,88,80.0,41.0,40,0.0
112,Zombo,2.55,30.9,Western,2015,0,0,240082,88,80.0,41.0,40,0.0
112,Zombo,2.55,30.9,Western,2016,0,15,240082,88,80.0,41.0,40,6.247865312684832
